-- phpMyAdmin SQL Dump
<<<<<<< HEAD
-- version 4.6.5.2
-- https://www.phpmyadmin.net/
--
-- Host: localhost
-- Generation Time: Apr 16, 2017 at 04:37 PM
-- Server version: 10.1.21-MariaDB
-- PHP Version: 7.1.1
=======
-- version 4.5.2
-- http://www.phpmyadmin.net
--
-- Host: localhost
-- Generation Time: Mar 02, 2017 at 05:19 PM
-- Server version: 10.1.16-MariaDB
-- PHP Version: 7.0.9
>>>>>>> b5ce0f958d9603a8af66bb71ab8b3656b6b8c56a

SET SQL_MODE = "NO_AUTO_VALUE_ON_ZERO";
SET time_zone = "+00:00";


/*!40101 SET @OLD_CHARACTER_SET_CLIENT=@@CHARACTER_SET_CLIENT */;
/*!40101 SET @OLD_CHARACTER_SET_RESULTS=@@CHARACTER_SET_RESULTS */;
/*!40101 SET @OLD_COLLATION_CONNECTION=@@COLLATION_CONNECTION */;
/*!40101 SET NAMES utf8mb4 */;

--
-- Database: `db_sism`
--

-- --------------------------------------------------------

--
-- Table structure for table `coba`
--

CREATE TABLE `coba` (
  `nowo` varchar(30) NOT NULL,
  `mekanik1` varchar(20) NOT NULL
) ENGINE=InnoDB DEFAULT CHARSET=latin1;

--
-- Dumping data for table `coba`
--

INSERT INTO `coba` (`nowo`, `mekanik1`) VALUES
('satu', 'KC11044'),
('dua', 'KC08076');

-- --------------------------------------------------------

--
-- Table structure for table `experience`
--

CREATE TABLE `experience` (
  `id_mekanik` varchar(10) NOT NULL,
  `1` int(11) NOT NULL,
  `2` int(11) NOT NULL,
  `3` int(11) NOT NULL,
  `4` int(11) NOT NULL,
  `5` int(11) NOT NULL,
  `6` int(11) NOT NULL,
  `7` int(11) NOT NULL,
  `8` int(11) NOT NULL,
  `9` int(11) NOT NULL,
  `10` int(11) NOT NULL,
  `11` int(11) NOT NULL,
  `12` int(11) NOT NULL,
  `13` int(11) NOT NULL,
  `14` int(11) NOT NULL,
  `15` int(11) NOT NULL,
  `16` int(11) NOT NULL,
  `17` int(11) NOT NULL,
  `18` int(11) NOT NULL,
  `19` int(11) NOT NULL,
  `20` int(11) NOT NULL,
  `21` int(11) NOT NULL,
  `22` int(11) NOT NULL,
  `23` int(11) NOT NULL,
  `24` int(11) NOT NULL,
  `25` int(11) NOT NULL,
  `26` int(11) NOT NULL,
  `27` int(11) NOT NULL,
  `28` int(11) NOT NULL,
  `29` int(11) NOT NULL,
  `30` int(11) NOT NULL,
  `31` int(11) NOT NULL,
  `32` int(11) NOT NULL,
  `33` int(11) NOT NULL,
  `34` int(11) NOT NULL,
  `35` int(11) NOT NULL,
  `36` int(11) NOT NULL,
  `37` int(11) NOT NULL,
  `38` int(11) NOT NULL,
  `39` int(11) NOT NULL,
  `40` int(11) NOT NULL,
  `41` int(11) NOT NULL,
  `42` int(11) NOT NULL,
  `43` int(11) NOT NULL,
  `44` int(11) NOT NULL,
  `45` int(11) NOT NULL,
  `46` int(11) NOT NULL,
  `47` int(11) NOT NULL,
  `48` int(11) NOT NULL,
  `49` int(11) NOT NULL,
  `50` int(11) NOT NULL,
  `51` int(11) NOT NULL,
  `52` int(11) NOT NULL,
  `53` int(11) NOT NULL,
  `54` int(11) NOT NULL,
  `55` int(11) NOT NULL,
  `56` int(11) NOT NULL,
  `57` int(11) NOT NULL,
  `58` int(11) NOT NULL,
  `59` int(11) NOT NULL,
  `60` int(11) NOT NULL,
  `61` int(11) NOT NULL,
  `62` int(11) NOT NULL,
  `63` int(11) NOT NULL,
  `64` int(11) NOT NULL,
  `65` int(11) NOT NULL,
  `66` int(11) NOT NULL,
  `67` int(11) NOT NULL,
  `68` int(11) NOT NULL,
  `69` int(11) NOT NULL,
  `70` int(11) NOT NULL,
  `71` int(11) NOT NULL,
  `72` int(11) NOT NULL,
  `73` int(11) NOT NULL,
  `74` int(11) NOT NULL,
  `75` int(11) NOT NULL,
  `76` int(11) NOT NULL,
  `77` int(11) NOT NULL,
  `78` int(11) NOT NULL,
  `79` int(11) NOT NULL,
  `80` int(11) NOT NULL,
  `81` int(11) NOT NULL,
  `82` int(11) NOT NULL,
  `83` int(11) NOT NULL,
  `84` int(11) NOT NULL,
  `85` int(11) NOT NULL,
  `86` int(11) NOT NULL,
  `87` int(11) NOT NULL,
  `88` int(11) NOT NULL,
  `89` int(11) NOT NULL,
  `90` int(11) NOT NULL,
  `91` int(11) NOT NULL,
  `92` int(11) NOT NULL,
  `93` int(11) NOT NULL,
  `94` int(11) NOT NULL,
  `95` int(11) NOT NULL,
  `96` int(11) NOT NULL,
  `97` int(11) NOT NULL,
  `98` int(11) NOT NULL,
  `99` int(11) NOT NULL,
  `100` int(11) NOT NULL,
  `101` int(11) NOT NULL,
  `102` int(11) NOT NULL,
  `103` int(11) NOT NULL,
  `104` int(11) NOT NULL,
  `105` int(11) NOT NULL,
  `106` int(11) NOT NULL,
  `107` int(11) NOT NULL,
  `108` int(11) NOT NULL,
  `109` int(11) NOT NULL,
  `110` int(11) NOT NULL,
  `111` int(11) NOT NULL,
  `112` int(11) NOT NULL,
  `113` int(11) NOT NULL,
  `114` int(11) NOT NULL,
  `115` int(11) NOT NULL,
  `116` int(11) NOT NULL,
  `117` int(11) NOT NULL,
  `118` int(11) NOT NULL,
  `119` int(11) NOT NULL,
  `120` int(11) NOT NULL,
  `121` int(11) NOT NULL,
  `122` int(11) NOT NULL,
  `123` int(11) NOT NULL,
  `124` int(11) NOT NULL,
  `125` int(11) NOT NULL,
  `126` int(11) NOT NULL,
  `127` int(11) NOT NULL,
  `128` int(11) NOT NULL,
  `129` int(11) NOT NULL,
  `130` int(11) NOT NULL,
  `131` int(11) NOT NULL,
  `132` int(11) NOT NULL,
  `133` int(11) NOT NULL,
  `134` int(11) NOT NULL,
  `135` int(11) NOT NULL,
  `136` int(11) NOT NULL,
  `137` int(11) NOT NULL,
  `138` int(11) NOT NULL,
  `139` int(11) NOT NULL,
  `140` int(11) NOT NULL,
  `141` int(11) NOT NULL,
  `142` int(11) NOT NULL,
  `143` int(11) NOT NULL,
  `144` int(11) NOT NULL,
  `145` int(11) NOT NULL,
  `146` int(11) NOT NULL,
  `147` int(11) NOT NULL,
  `148` int(11) NOT NULL,
  `149` int(11) NOT NULL,
  `150` int(11) NOT NULL,
  `151` int(11) NOT NULL,
  `152` int(11) NOT NULL,
  `153` int(11) NOT NULL,
  `154` int(11) NOT NULL,
  `155` int(11) NOT NULL,
  `156` int(11) NOT NULL,
  `157` int(11) NOT NULL,
  `158` int(11) NOT NULL,
  `159` int(11) NOT NULL,
  `160` int(11) NOT NULL,
  `161` int(11) NOT NULL,
  `162` int(11) NOT NULL,
  `163` int(11) NOT NULL,
  `164` int(11) NOT NULL,
  `165` int(11) NOT NULL,
  `166` int(11) NOT NULL,
  `167` int(11) NOT NULL,
  `168` int(11) NOT NULL,
  `169` int(11) NOT NULL,
  `170` int(11) NOT NULL,
  `171` int(11) NOT NULL,
  `172` int(11) NOT NULL,
  `173` int(11) NOT NULL,
  `174` int(11) NOT NULL,
  `175` int(11) NOT NULL,
  `176` int(11) NOT NULL,
  `177` int(11) NOT NULL,
  `178` int(11) NOT NULL,
  `179` int(11) NOT NULL,
  `180` int(11) NOT NULL,
  `181` int(11) NOT NULL,
  `182` int(11) NOT NULL,
  `183` int(11) NOT NULL,
  `184` int(11) NOT NULL,
  `185` int(11) NOT NULL,
  `186` int(11) NOT NULL,
  `187` int(11) NOT NULL,
  `188` int(11) NOT NULL,
  `189` int(11) NOT NULL,
  `190` int(11) NOT NULL,
  `191` int(11) NOT NULL,
  `192` int(11) NOT NULL,
  `193` int(11) NOT NULL,
  `194` int(11) NOT NULL,
  `195` int(11) NOT NULL,
  `196` int(11) NOT NULL,
  `197` int(11) NOT NULL,
  `198` int(11) NOT NULL,
  `199` int(11) NOT NULL,
  `200` int(11) NOT NULL,
  `201` int(11) NOT NULL,
  `202` int(11) NOT NULL,
  `203` int(11) NOT NULL,
  `204` int(11) NOT NULL,
  `205` int(11) NOT NULL,
  `206` int(11) NOT NULL,
  `207` int(11) NOT NULL,
  `208` int(11) NOT NULL,
  `209` int(11) NOT NULL,
  `210` int(11) NOT NULL,
  `211` int(11) NOT NULL,
  `212` int(11) NOT NULL,
  `213` int(11) NOT NULL,
  `214` int(11) NOT NULL,
  `215` int(11) NOT NULL,
  `216` int(11) NOT NULL,
  `217` int(11) NOT NULL,
  `218` int(11) NOT NULL,
  `219` int(11) NOT NULL,
  `220` int(11) NOT NULL,
  `221` int(11) NOT NULL,
  `222` int(11) NOT NULL,
  `223` int(11) NOT NULL,
  `224` int(11) NOT NULL,
  `225` int(11) NOT NULL,
  `226` int(11) NOT NULL,
  `227` int(11) NOT NULL,
  `228` int(11) NOT NULL,
  `229` int(11) NOT NULL,
  `230` int(11) NOT NULL,
  `231` int(11) NOT NULL,
  `232` int(11) NOT NULL,
  `233` int(11) NOT NULL,
  `234` int(11) NOT NULL,
  `235` int(11) NOT NULL,
  `236` int(11) NOT NULL,
  `237` int(11) NOT NULL,
  `238` int(11) NOT NULL,
  `239` int(11) NOT NULL,
  `240` int(11) NOT NULL,
  `241` int(11) NOT NULL,
  `242` int(11) NOT NULL,
  `243` int(11) NOT NULL,
  `244` int(11) NOT NULL,
  `245` int(11) NOT NULL,
  `246` int(11) NOT NULL,
  `247` int(11) NOT NULL,
  `248` int(11) NOT NULL,
  `249` int(11) NOT NULL,
  `250` int(11) NOT NULL,
  `251` int(11) NOT NULL,
  `252` int(11) NOT NULL,
  `253` int(11) NOT NULL,
  `254` int(11) NOT NULL,
  `255` int(11) NOT NULL,
  `256` int(11) NOT NULL,
  `257` int(11) NOT NULL,
  `258` int(11) NOT NULL,
  `259` int(11) NOT NULL,
  `260` int(11) NOT NULL,
  `261` int(11) NOT NULL,
  `262` int(11) NOT NULL,
  `263` int(11) NOT NULL,
  `264` int(11) NOT NULL,
  `265` int(11) NOT NULL,
  `266` int(11) NOT NULL,
  `267` int(11) NOT NULL,
  `268` int(11) NOT NULL,
  `269` int(11) NOT NULL,
  `270` int(11) NOT NULL,
  `271` int(11) NOT NULL,
  `272` int(11) NOT NULL,
  `273` int(11) NOT NULL,
  `274` int(11) NOT NULL,
  `275` int(11) NOT NULL,
  `276` int(11) NOT NULL,
  `277` int(11) NOT NULL,
  `278` int(11) NOT NULL,
  `279` int(11) NOT NULL,
  `280` int(11) NOT NULL,
  `281` int(11) NOT NULL,
  `282` int(11) NOT NULL,
  `283` int(11) NOT NULL,
  `284` int(11) NOT NULL,
  `285` int(11) NOT NULL,
  `286` int(11) NOT NULL,
  `287` int(11) NOT NULL,
  `288` int(11) NOT NULL,
  `289` int(11) NOT NULL,
  `290` int(11) NOT NULL,
  `291` int(11) NOT NULL,
  `292` int(11) NOT NULL,
  `293` int(11) NOT NULL,
  `294` int(11) NOT NULL,
  `295` int(11) NOT NULL,
  `296` int(11) NOT NULL,
  `297` int(11) NOT NULL,
  `298` int(11) NOT NULL,
  `299` int(11) NOT NULL,
  `300` int(11) NOT NULL,
  `301` int(11) NOT NULL,
  `302` int(11) NOT NULL,
  `303` int(11) NOT NULL,
  `304` int(11) NOT NULL,
  `305` int(11) NOT NULL,
  `306` int(11) NOT NULL,
  `307` int(11) NOT NULL,
  `308` int(11) NOT NULL,
  `309` int(11) NOT NULL,
  `310` int(11) NOT NULL,
  `311` int(11) NOT NULL,
  `312` int(11) NOT NULL,
  `313` int(11) NOT NULL,
  `314` int(11) NOT NULL,
  `315` int(11) NOT NULL,
  `316` int(11) NOT NULL,
  `317` int(11) NOT NULL,
  `318` int(11) NOT NULL,
  `319` int(11) NOT NULL,
  `320` int(11) NOT NULL,
  `321` int(11) NOT NULL,
  `322` int(11) NOT NULL,
  `323` int(11) NOT NULL,
  `324` int(11) NOT NULL,
  `325` int(11) NOT NULL,
  `326` int(11) NOT NULL,
  `327` int(11) NOT NULL,
  `328` int(11) NOT NULL,
  `329` int(11) NOT NULL,
  `330` int(11) NOT NULL,
  `331` int(11) NOT NULL,
  `332` int(11) NOT NULL,
  `333` int(11) NOT NULL,
  `334` int(11) NOT NULL,
  `335` int(11) NOT NULL,
  `336` int(11) NOT NULL,
  `337` int(11) NOT NULL,
  `338` int(11) NOT NULL,
  `339` int(11) NOT NULL,
  `340` int(11) NOT NULL,
  `341` int(11) NOT NULL,
  `342` int(11) NOT NULL,
  `343` int(11) NOT NULL,
  `344` int(11) NOT NULL,
  `345` int(11) NOT NULL,
  `346` int(11) NOT NULL,
  `347` int(11) NOT NULL,
  `348` int(11) NOT NULL,
  `349` int(11) NOT NULL,
  `350` int(11) NOT NULL,
  `351` int(11) NOT NULL,
  `352` int(11) NOT NULL,
  `353` int(11) NOT NULL,
  `354` int(11) NOT NULL,
  `355` int(11) NOT NULL,
  `356` int(11) NOT NULL,
  `357` int(11) NOT NULL,
  `358` int(11) NOT NULL,
  `359` int(11) NOT NULL,
  `360` int(11) NOT NULL,
  `361` int(11) NOT NULL,
  `362` int(11) NOT NULL,
  `363` int(11) NOT NULL,
  `364` int(11) NOT NULL,
  `365` int(11) NOT NULL,
  `366` int(11) NOT NULL,
  `367` int(11) NOT NULL,
  `368` int(11) NOT NULL,
  `369` int(11) NOT NULL,
  `370` int(11) NOT NULL,
  `371` int(11) NOT NULL,
  `372` int(11) NOT NULL,
  `373` int(11) NOT NULL,
  `374` int(11) NOT NULL,
  `375` int(11) NOT NULL,
  `376` int(11) NOT NULL,
  `377` int(11) NOT NULL,
  `378` int(11) NOT NULL,
  `379` int(11) NOT NULL,
  `380` int(11) NOT NULL,
  `381` int(11) NOT NULL,
  `382` int(11) NOT NULL,
  `383` int(11) NOT NULL,
  `384` int(11) NOT NULL,
  `385` int(11) NOT NULL,
  `386` int(11) NOT NULL,
  `387` int(11) NOT NULL,
  `388` int(11) NOT NULL,
  `389` int(11) NOT NULL,
  `390` int(11) NOT NULL,
  `391` int(11) NOT NULL,
  `392` int(11) NOT NULL,
  `393` int(11) NOT NULL,
  `394` int(11) NOT NULL,
  `395` int(11) NOT NULL,
  `396` int(11) NOT NULL,
  `397` int(11) NOT NULL,
  `398` int(11) NOT NULL,
  `399` int(11) NOT NULL,
  `400` int(11) NOT NULL,
  `401` int(11) NOT NULL,
  `402` int(11) NOT NULL,
  `403` int(11) NOT NULL,
  `404` int(11) NOT NULL,
  `405` int(11) NOT NULL,
  `406` int(11) NOT NULL,
  `407` int(11) NOT NULL,
  `408` int(11) NOT NULL,
  `409` int(11) NOT NULL,
  `410` int(11) NOT NULL,
  `411` int(11) NOT NULL,
  `412` int(11) NOT NULL,
  `413` int(11) NOT NULL,
  `414` int(11) NOT NULL,
  `415` int(11) NOT NULL,
  `416` int(11) NOT NULL,
  `417` int(11) NOT NULL,
  `418` int(11) NOT NULL,
  `419` int(11) NOT NULL,
  `420` int(11) NOT NULL,
  `421` int(11) NOT NULL,
  `422` int(11) NOT NULL,
  `423` int(11) NOT NULL,
  `424` int(11) NOT NULL,
  `425` int(11) NOT NULL,
  `426` int(11) NOT NULL,
  `427` int(11) NOT NULL,
  `428` int(11) NOT NULL,
  `429` int(11) NOT NULL,
  `430` int(11) NOT NULL,
  `431` int(11) NOT NULL,
  `432` int(11) NOT NULL,
  `433` int(11) NOT NULL,
  `434` int(11) NOT NULL,
  `435` int(11) NOT NULL,
  `436` int(11) NOT NULL,
  `437` int(11) NOT NULL,
  `438` int(11) NOT NULL,
  `439` int(11) NOT NULL,
  `440` int(11) NOT NULL,
  `441` int(11) NOT NULL,
  `442` int(11) NOT NULL,
  `443` int(11) NOT NULL,
  `444` int(11) NOT NULL,
  `445` int(11) NOT NULL,
  `446` int(11) NOT NULL,
  `447` int(11) NOT NULL,
  `448` int(11) NOT NULL,
  `449` int(11) NOT NULL,
  `450` int(11) NOT NULL,
  `451` int(11) NOT NULL,
  `452` int(11) NOT NULL,
  `453` int(11) NOT NULL,
  `454` int(11) NOT NULL,
  `455` int(11) NOT NULL,
  `456` int(11) NOT NULL,
  `457` int(11) NOT NULL,
  `458` int(11) NOT NULL,
  `459` int(11) NOT NULL,
  `460` int(11) NOT NULL,
  `461` int(11) NOT NULL,
  `462` int(11) NOT NULL,
  `463` int(11) NOT NULL,
  `464` int(11) NOT NULL,
  `465` int(11) NOT NULL,
  `466` int(11) NOT NULL,
  `467` int(11) NOT NULL,
  `468` int(11) NOT NULL,
  `469` int(11) NOT NULL,
  `470` int(11) NOT NULL,
  `471` int(11) NOT NULL,
  `472` int(11) NOT NULL,
  `473` int(11) NOT NULL,
  `474` int(11) NOT NULL,
  `475` int(11) NOT NULL,
  `476` int(11) NOT NULL,
  `477` int(11) NOT NULL,
  `478` int(11) NOT NULL,
  `479` int(11) NOT NULL,
  `480` int(11) NOT NULL,
  `481` int(11) NOT NULL,
  `482` int(11) NOT NULL,
  `483` int(11) NOT NULL,
  `484` int(11) NOT NULL,
  `485` int(11) NOT NULL,
  `486` int(11) NOT NULL,
  `487` int(11) NOT NULL,
  `488` int(11) NOT NULL,
  `489` int(11) NOT NULL,
  `490` int(11) NOT NULL,
  `491` int(11) NOT NULL,
  `492` int(11) NOT NULL,
  `493` int(11) NOT NULL,
  `494` int(11) NOT NULL,
  `495` int(11) NOT NULL,
  `496` int(11) NOT NULL,
  `497` int(11) NOT NULL,
  `498` int(11) NOT NULL,
  `499` int(11) NOT NULL,
  `500` int(11) NOT NULL,
  `501` int(11) NOT NULL,
  `502` int(11) NOT NULL,
  `503` int(11) NOT NULL,
  `504` int(11) NOT NULL,
  `505` int(11) NOT NULL,
  `506` int(11) NOT NULL,
  `507` int(11) NOT NULL,
  `508` int(11) NOT NULL,
  `509` int(11) NOT NULL,
  `510` int(11) NOT NULL,
  `511` int(11) NOT NULL,
  `512` int(11) NOT NULL,
  `513` int(11) NOT NULL,
  `514` int(11) NOT NULL,
  `515` int(11) NOT NULL,
  `516` int(11) NOT NULL,
  `517` int(11) NOT NULL,
  `518` int(11) NOT NULL,
  `519` int(11) NOT NULL,
  `520` int(11) NOT NULL,
  `521` int(11) NOT NULL,
  `522` int(11) NOT NULL,
  `523` int(11) NOT NULL,
  `524` int(11) NOT NULL,
  `525` int(11) NOT NULL,
  `526` int(11) NOT NULL,
  `527` int(11) NOT NULL,
  `528` int(11) NOT NULL,
  `529` int(11) NOT NULL,
  `530` int(11) NOT NULL,
  `531` int(11) NOT NULL,
  `532` int(11) NOT NULL,
  `533` int(11) NOT NULL,
  `534` int(11) NOT NULL,
  `535` int(11) NOT NULL,
  `536` int(11) NOT NULL,
  `537` int(11) NOT NULL,
  `538` int(11) NOT NULL,
  `539` int(11) NOT NULL,
  `540` int(11) NOT NULL,
  `541` int(11) NOT NULL,
  `542` int(11) NOT NULL,
  `543` int(11) NOT NULL,
  `544` int(11) NOT NULL,
  `545` int(11) NOT NULL,
  `546` int(11) NOT NULL,
  `547` int(11) NOT NULL,
  `548` int(11) NOT NULL,
  `549` int(11) NOT NULL,
  `550` int(11) NOT NULL,
  `551` int(11) NOT NULL,
  `552` int(11) NOT NULL,
  `553` int(11) NOT NULL,
  `554` int(11) NOT NULL,
  `555` int(11) NOT NULL,
  `556` int(11) NOT NULL,
  `557` int(11) NOT NULL,
  `558` int(11) NOT NULL,
  `559` int(11) NOT NULL,
  `560` int(11) NOT NULL,
  `561` int(11) NOT NULL,
  `562` int(11) NOT NULL,
  `563` int(11) NOT NULL,
  `564` int(11) NOT NULL,
  `565` int(11) NOT NULL,
  `566` int(11) NOT NULL,
  `567` int(11) NOT NULL,
  `568` int(11) NOT NULL,
  `569` int(11) NOT NULL,
  `570` int(11) NOT NULL,
  `571` int(11) NOT NULL,
  `572` int(11) NOT NULL,
  `573` int(11) NOT NULL,
  `574` int(11) NOT NULL,
  `575` int(11) NOT NULL,
  `576` int(11) NOT NULL,
  `577` int(11) NOT NULL,
  `578` int(11) NOT NULL,
  `579` int(11) NOT NULL,
  `580` int(11) NOT NULL,
  `581` int(11) NOT NULL,
  `582` int(11) NOT NULL,
  `583` int(11) NOT NULL,
  `584` int(11) NOT NULL,
  `585` int(11) NOT NULL,
  `586` int(11) NOT NULL,
  `587` int(11) NOT NULL,
  `588` int(11) NOT NULL,
  `589` int(11) NOT NULL,
  `590` int(11) NOT NULL,
  `591` int(11) NOT NULL,
  `592` int(11) NOT NULL,
  `593` int(11) NOT NULL,
  `594` int(11) NOT NULL,
  `595` int(11) NOT NULL,
  `596` int(11) NOT NULL,
  `597` int(11) NOT NULL,
  `598` int(11) NOT NULL,
  `599` int(11) NOT NULL,
  `600` int(11) NOT NULL,
  `601` int(11) NOT NULL,
  `602` int(11) NOT NULL,
  `603` int(11) NOT NULL,
  `604` int(11) NOT NULL,
  `605` int(11) NOT NULL,
  `606` int(11) NOT NULL,
  `607` int(11) NOT NULL,
  `608` int(11) NOT NULL,
  `609` int(11) NOT NULL,
  `610` int(11) NOT NULL,
  `611` int(11) NOT NULL,
  `612` int(11) NOT NULL,
  `613` int(11) NOT NULL,
  `614` int(11) NOT NULL,
  `615` int(11) NOT NULL,
  `616` int(11) NOT NULL,
  `617` int(11) NOT NULL,
  `618` int(11) NOT NULL,
  `619` int(11) NOT NULL,
  `620` int(11) NOT NULL,
  `621` int(11) NOT NULL,
  `622` int(11) NOT NULL,
  `623` int(11) NOT NULL,
  `624` int(11) NOT NULL,
  `625` int(11) NOT NULL,
  `626` int(11) NOT NULL,
  `627` int(11) NOT NULL,
  `628` int(11) NOT NULL,
  `629` int(11) NOT NULL,
  `630` int(11) NOT NULL,
  `631` int(11) NOT NULL,
  `632` int(11) NOT NULL
) ENGINE=InnoDB DEFAULT CHARSET=latin1;

-- --------------------------------------------------------

--
-- Table structure for table `job_detail`
--

CREATE TABLE `job_detail` (
  `id_jobdetail` varchar(10) NOT NULL,
  `id_section` varchar(10) DEFAULT NULL,
  `id_job` varchar(6) DEFAULT NULL,
  `id_sub` varchar(6) DEFAULT NULL,
  `nama_detail` varchar(46) DEFAULT NULL
) ENGINE=InnoDB DEFAULT CHARSET=utf8;

--
-- Dumping data for table `job_detail`
--

INSERT INTO `job_detail` (`id_jobdetail`, `id_section`, `id_job`, `id_sub`, `nama_detail`) VALUES
('1', '1', '1', '1', 'Daily Check'),
('10', '1', '1', '4', 'Daily Check'),
('100', '1', '2', '2', 'Electric Component'),
('101', '1', '2', '2', 'Drop box (Articulated Ony)'),
('102', '1', '2', '2', 'Vessel'),
('103', '1', '2', '2', 'Cabin'),
('104', '1', '2', '2', 'Fire Supression'),
('105', '1', '2', '2', 'Air Conditioner'),
('106', '1', '2', '2', 'Auto lubrication Lincoln'),
('107', '1', '2', '2', 'Auto lubrication Vogel'),
('108', '1', '2', '2', 'Propeller shaft & U-Joint'),
('109', '1', '2', '3', 'Alternator'),
('11', '1', '1', '4', 'Periodical Service'),
('110', '1', '2', '3', 'Starting Motor'),
('111', '1', '2', '3', 'Turbocharger'),
('112', '1', '2', '3', 'Fuel Pump'),
('113', '1', '2', '3', 'Fuel Pump/HEUI Pump (Grader Only)'),
('114', '1', '2', '3', 'Injector/Nozzle'),
('115', '1', '2', '3', 'Water Pump'),
('116', '1', '2', '3', 'Air Compressor'),
('117', '1', '2', '3', 'Air Compressor & Air Tank (Grader Only)'),
('118', '1', '2', '3', 'Engine Oil Pump'),
('119', '1', '2', '3', 'Radiator & cooling system'),
('12', '1', '1', '4', 'Inspection / Quick PM'),
('120', '1', '2', '3', 'Intercooler (Articulated Only)'),
('121', '1', '2', '3', 'Torque Converter (Grader Only)'),
('122', '1', '2', '3', 'Transmission Pump (Grader Only)'),
('123', '1', '2', '3', 'Hydroshift transmission (Grader Only)'),
('124', '1', '2', '3', 'Power Train Module (Articulated only)'),
('125', '1', '2', '3', 'Torqflow transmission'),
('126', '1', '2', '3', 'Front axle & wheel'),
('127', '1', '2', '3', 'Rear axle & wheel'),
('128', '1', '2', '3', 'Differential'),
('129', '1', '2', '3', 'Tandem & Wheel (Grader Only)'),
('13', '1', '2', '1', 'Engine'),
('130', '1', '2', '3', 'Accumulator (Grader Only)'),
('131', '1', '2', '3', 'Circle & Drawbar (Grader Only)'),
('132', '1', '2', '3', 'Front Suspension'),
('133', '1', '2', '3', 'Rear Suspension'),
('134', '1', '2', '3', 'Hydraulic Pump'),
('135', '1', '2', '3', 'Hydraulic Control Valve'),
('136', '1', '2', '3', 'Hydraulic Cylinder'),
('137', '1', '2', '3', 'Steering Pump and Valve'),
('138', '1', '2', '3', 'Steering Demand Valve'),
('139', '1', '2', '3', 'Steering Valve and Acumulator'),
('14', '1', '2', '1', 'Alternator'),
('140', '1', '2', '3', 'Steering Cylinder'),
('141', '1', '2', '3', 'Brake Valves and Accumulator'),
('142', '1', '2', '3', 'Brake Chamber'),
('143', '1', '2', '3', 'Front Brake'),
('144', '1', '2', '3', 'Rear Brake'),
('145', '1', '2', '3', 'Parking Brake'),
('146', '1', '2', '3', 'Electric Harness'),
('147', '1', '2', '3', 'Electric Component'),
('148', '1', '2', '3', 'Drop box (Articulated Ony)'),
('149', '1', '2', '3', 'Vessel'),
('15', '1', '2', '1', 'Starting Motor'),
('150', '1', '2', '3', 'Cabin'),
('151', '1', '2', '3', 'Fire Supression'),
('152', '1', '2', '3', 'Air Conditioner'),
('153', '1', '2', '3', 'Auto lubrication Lincoln'),
('154', '1', '2', '3', 'Auto lubrication Vogel'),
('155', '1', '2', '3', 'Propeller shaft & U-Joint'),
('156', '1', '2', '4', 'Alternator'),
('157', '1', '2', '4', 'Starting Motor'),
('158', '1', '2', '4', 'Turbocharger'),
('159', '1', '2', '4', 'Fuel Pump'),
('16', '1', '2', '1', 'Turbocharger'),
('160', '1', '2', '4', 'Fuel Pump/HEUI Pump (Grader Only)'),
('161', '1', '2', '4', 'Injector/Nozzle'),
('162', '1', '2', '4', 'Water Pump'),
('163', '1', '2', '4', 'Air Compressor'),
('164', '1', '2', '4', 'Air Compressor & Air Tank (Grader Only)'),
('165', '1', '2', '4', 'Engine Oil Pump'),
('166', '1', '2', '4', 'Radiator & cooling system'),
('167', '1', '2', '4', 'Intercooler (Articulated Only)'),
('168', '1', '2', '4', 'Torque Converter (Grader Only)'),
('169', '1', '2', '4', 'Transmission Pump (Grader Only)'),
('17', '1', '2', '1', 'Fuel Pump'),
('170', '1', '2', '4', 'Hydroshift transmission (Grader Only)'),
('171', '1', '2', '4', 'Power Train Module (Articulated only)'),
('172', '1', '2', '4', 'Torqflow transmission'),
('173', '1', '2', '4', 'Front axle & wheel'),
('174', '1', '2', '4', 'Rear axle & wheel'),
('175', '1', '2', '4', 'Differential'),
('176', '1', '2', '4', 'Tandem & Wheel (Grader Only)'),
('177', '1', '2', '4', 'Accumulator (Grader Only)'),
('178', '1', '2', '4', 'Circle & Drawbar (Grader Only)'),
('179', '1', '2', '4', 'Front Suspension'),
('18', '1', '2', '1', 'Fuel Pump/HEUI Pump (Grader Only)'),
('180', '1', '2', '4', 'Rear Suspension'),
('181', '1', '2', '4', 'Hydraulic Pump'),
('182', '1', '2', '4', 'Hydraulic Control Valve'),
('183', '1', '2', '4', 'Hydraulic Cylinder'),
('184', '1', '2', '4', 'Steering Pump and Valve'),
('185', '1', '2', '4', 'Steering Demand Valve'),
('186', '1', '2', '4', 'Steering Valve and Acumulator'),
('187', '1', '2', '4', 'Steering Cylinder'),
('188', '1', '2', '4', 'Brake Valves and Accumulator'),
('189', '1', '2', '4', 'Brake Chamber'),
('19', '1', '2', '1', 'Injector/Nozzle'),
('190', '1', '2', '4', 'Front Brake'),
('191', '1', '2', '4', 'Rear Brake'),
('192', '1', '2', '4', 'Parking Brake'),
('193', '1', '2', '4', 'Electric Harness'),
('194', '1', '2', '4', 'Electric Component'),
('195', '1', '2', '4', 'Drop box (Articulated Ony)'),
('196', '1', '2', '4', 'Vessel'),
('197', '1', '2', '4', 'Cabin'),
('198', '1', '2', '4', 'Fire Supression'),
('199', '1', '2', '4', 'Air Conditioner'),
('2', '1', '1', '1', 'Periodical Service'),
('20', '1', '2', '1', 'Water Pump'),
('200', '1', '2', '4', 'Auto lubrication Lincoln'),
('201', '1', '2', '4', 'Auto lubrication Vogel'),
('202', '1', '2', '4', 'Propeller shaft & U-Joint'),
('203', '1', '4', '1', 'Damper'),
('204', '1', '4', '1', 'Drop box (Articulated Only)'),
('205', '1', '4', '1', 'Front axle & wheel (Articulated Only)'),
('206', '1', '4', '1', 'Rear axle & wheel (Articulated Only)'),
('207', '1', '4', '1', 'Differential'),
('208', '1', '4', '1', 'Final Drive'),
('209', '1', '4', '1', 'Suspension'),
('21', '1', '2', '1', 'Air Compressor'),
('210', '1', '4', '1', 'Alternator'),
('211', '1', '4', '1', 'Starting Motor'),
('212', '1', '4', '1', 'Water Pump'),
('213', '1', '4', '1', 'Air Compressor'),
('214', '1', '4', '1', 'Front Brake'),
('215', '1', '4', '1', 'Rear Brake'),
('216', '1', '4', '2', 'Damper'),
('217', '1', '4', '2', 'Drop box (Articulated Only)'),
('218', '1', '4', '2', 'Front axle & wheel (Articulated Only)'),
('219', '1', '4', '2', 'Rear axle & wheel (Articulated Only)'),
('22', '1', '2', '1', 'Air Compressor & Air Tank (Grader Only)'),
('220', '1', '4', '2', 'Differential'),
('221', '1', '4', '2', 'Final Drive'),
('222', '1', '4', '2', 'Suspension'),
('223', '1', '4', '2', 'Alternator'),
('224', '1', '4', '2', 'Starting Motor'),
('225', '1', '4', '2', 'Water Pump'),
('226', '1', '4', '2', 'Air Compressor'),
('227', '1', '4', '2', 'Front Brake'),
('228', '1', '4', '2', 'Rear Brake'),
('229', '1', '4', '3', 'Damper'),
('23', '1', '2', '1', 'Engine Oil Pump'),
('230', '1', '4', '3', 'Drop box (Articulated Only)'),
('231', '1', '4', '3', 'Front axle & wheel (Articulated Only)'),
('232', '1', '4', '3', 'Rear axle & wheel (Articulated Only)'),
('233', '1', '4', '3', 'Differential'),
('234', '1', '4', '3', 'Final Drive'),
('235', '1', '4', '3', 'Suspension'),
('236', '1', '4', '3', 'Alternator'),
('237', '1', '4', '3', 'Starting Motor'),
('238', '1', '4', '3', 'Water Pump'),
('239', '1', '4', '3', 'Air Compressor'),
('24', '1', '2', '1', 'Radiator & cooling system'),
('240', '1', '4', '3', 'Front Brake'),
('241', '1', '4', '3', 'Rear Brake'),
('242', '1', '4', '4', 'Damper'),
('243', '1', '4', '4', 'Drop box (Articulated Only)'),
('244', '1', '4', '4', 'Front axle & wheel (Articulated Only)'),
('245', '1', '4', '4', 'Rear axle & wheel (Articulated Only)'),
('246', '1', '4', '4', 'Differential'),
('247', '1', '4', '4', 'Final Drive'),
('248', '1', '4', '4', 'Suspension'),
('249', '1', '4', '4', 'Alternator'),
('25', '1', '2', '1', 'Intercooler (Articulated Only)'),
('250', '1', '4', '4', 'Starting Motor'),
('251', '1', '4', '4', 'Water Pump'),
('252', '1', '4', '4', 'Air Compressor'),
('253', '1', '4', '4', 'Front Brake'),
('254', '1', '4', '4', 'Rear Brake'),
('255', '1', '3', '1', 'Engine'),
('256', '1', '3', '1', 'Power Train'),
('257', '1', '3', '1', 'Hydraulic'),
('258', '1', '3', '1', 'Steering'),
('259', '1', '3', '1', 'Air System'),
('26', '1', '2', '1', 'Torque Converter (Grader Only)'),
('260', '1', '3', '1', 'Brake System'),
('261', '1', '3', '1', 'Electrical System'),
('262', '1', '3', '1', 'Fire Supression'),
('263', '1', '3', '1', 'Air Conditioner'),
('264', '1', '3', '1', 'PPM'),
('265', '1', '3', '1', 'PAP'),
('266', '1', '3', '2', 'Engine'),
('267', '1', '3', '2', 'Power Train'),
('268', '1', '3', '2', 'Hydraulic'),
('269', '1', '3', '2', 'Steering'),
('27', '1', '2', '1', 'Transmission Pump (Grader Only)'),
('270', '1', '3', '2', 'Air System'),
('271', '1', '3', '2', 'Brake System'),
('272', '1', '3', '2', 'Electrical System'),
('273', '1', '3', '2', 'Fire Supression'),
('274', '1', '3', '2', 'Air Conditioner'),
('275', '1', '3', '2', 'PPM'),
('276', '1', '3', '2', 'PAP'),
('277', '1', '3', '3', 'Engine'),
('278', '1', '3', '3', 'Power Train'),
('279', '1', '3', '3', 'Hydraulic'),
('28', '1', '2', '1', 'Hydroshift transmission (Grader Only)'),
('280', '1', '3', '3', 'Steering'),
('281', '1', '3', '3', 'Air System'),
('282', '1', '3', '3', 'Brake System'),
('283', '1', '3', '3', 'Electrical System'),
('284', '1', '3', '3', 'Fire Supression'),
('285', '1', '3', '3', 'Air Conditioner'),
('286', '1', '3', '3', 'PPM'),
('287', '1', '3', '3', 'PAP'),
('288', '1', '3', '4', 'Engine'),
('289', '1', '3', '4', 'Power Train'),
('29', '1', '2', '1', 'Power Train Module (Articulated only)'),
('290', '1', '3', '4', 'Hydraulic'),
('291', '1', '3', '4', 'Steering'),
('292', '1', '3', '4', 'Air System'),
('293', '1', '3', '4', 'Brake System'),
('294', '1', '3', '4', 'Electrical System'),
('295', '1', '3', '4', 'Fire Supression'),
('296', '1', '3', '4', 'Air Conditioner'),
('297', '1', '3', '4', 'PPM'),
('298', '1', '3', '4', 'PAP'),
('299', '1', '5', '1', 'Engine'),
('3', '1', '1', '1', 'Inspection / Quick PM'),
('30', '1', '2', '1', 'Torqflow transmission'),
('300', '1', '5', '1', 'Adjust Valve'),
('301', '1', '5', '1', 'Turbocharger'),
('302', '1', '5', '1', 'Radiator & cooling system'),
('303', '1', '5', '1', 'Fuel Pump/HEUI Pump (Grader Only)'),
('304', '1', '5', '1', 'Air Compressor & Air Tank (Grader Only)'),
('305', '1', '5', '1', 'Torque Converter (Grader Only)'),
('306', '1', '5', '1', 'Transmission Pump (Grader Only)'),
('307', '1', '5', '1', 'Hydroshift transmission (Grader Only)'),
('308', '1', '5', '1', 'Tandem & Wheel (Grader Only)'),
('309', '1', '5', '1', 'Accumulator (Grader Only)'),
('31', '1', '2', '1', 'Front axle & wheel'),
('310', '1', '5', '1', 'Power Train Module (Articulated Only)'),
('311', '1', '5', '1', 'Drop box (Articulated Only)'),
('312', '1', '5', '1', 'Torqflow transmission'),
('313', '1', '5', '1', 'Front axle & wheel'),
('314', '1', '5', '1', 'Rear axle & wheel'),
('315', '1', '5', '1', 'Front Suspension'),
('316', '1', '5', '1', 'Rear Suspension'),
('317', '1', '5', '1', 'Hydraulic Pump'),
('318', '1', '5', '1', 'Hydraulic Control Valve'),
('319', '1', '5', '1', 'Hydraulic Cylinder'),
('32', '1', '2', '1', 'Rear axle & wheel'),
('320', '1', '5', '1', 'Steering Pump'),
('321', '1', '5', '1', 'Steering Demand Valve'),
('322', '1', '5', '1', 'Steering Valve'),
('323', '1', '5', '1', 'Steering Cylinder'),
('324', '1', '5', '1', 'Brake Valve and Relay Valve'),
('325', '1', '5', '1', 'Brake Chamber'),
('326', '1', '5', '1', 'Front Brake'),
('327', '1', '5', '1', 'Rear Brake'),
('328', '1', '5', '1', 'Parking Brake'),
('329', '1', '5', '1', 'Electric Harness'),
('33', '1', '2', '1', 'Differential'),
('330', '1', '5', '1', 'Electric Component'),
('331', '1', '5', '1', 'Cabin'),
('332', '1', '5', '1', 'Fire Supression'),
('333', '1', '5', '1', 'Air Conditioner'),
('334', '1', '5', '1', 'Auto lubrication'),
('335', '1', '5', '1', 'Frame & Chassis'),
('336', '1', '5', '2', 'Engine'),
('337', '1', '5', '2', 'Adjust Valve'),
('338', '1', '5', '2', 'Turbocharger'),
('339', '1', '5', '2', 'Radiator & cooling system'),
('34', '1', '2', '1', 'Tandem & Wheel (Grader Only)'),
('340', '1', '5', '2', 'Fuel Pump/HEUI Pump (Grader Only)'),
('341', '1', '5', '2', 'Air Compressor & Air Tank (Grader Only)'),
('342', '1', '5', '2', 'Torque Converter (Grader Only)'),
('343', '1', '5', '2', 'Transmission Pump (Grader Only)'),
('344', '1', '5', '2', 'Hydroshift transmission (Grader Only)'),
('345', '1', '5', '2', 'Tandem & Wheel (Grader Only)'),
('346', '1', '5', '2', 'Accumulator (Grader Only)'),
('347', '1', '5', '2', 'Power Train Module (Articulated Only)'),
('348', '1', '5', '2', 'Drop box (Articulated Only)'),
('349', '1', '5', '2', 'Torqflow transmission'),
('35', '1', '2', '1', 'Accumulator (Grader Only)'),
('350', '1', '5', '2', 'Front axle & wheel'),
('351', '1', '5', '2', 'Rear axle & wheel'),
('352', '1', '5', '2', 'Front Suspension'),
('353', '1', '5', '2', 'Rear Suspension'),
('354', '1', '5', '2', 'Hydraulic Pump'),
('355', '1', '5', '2', 'Hydraulic Control Valve'),
('356', '1', '5', '2', 'Hydraulic Cylinder'),
('357', '1', '5', '2', 'Steering Pump'),
('358', '1', '5', '2', 'Steering Demand Valve'),
('359', '1', '5', '2', 'Steering Valve'),
('36', '1', '2', '1', 'Circle & Drawbar (Grader Only)'),
('360', '1', '5', '2', 'Steering Cylinder'),
('361', '1', '5', '2', 'Brake Valve and Relay Valve'),
('362', '1', '5', '2', 'Brake Chamber'),
('363', '1', '5', '2', 'Front Brake'),
('364', '1', '5', '2', 'Rear Brake'),
('365', '1', '5', '2', 'Parking Brake'),
('366', '1', '5', '2', 'Electric Harness'),
('367', '1', '5', '2', 'Electric Component'),
('368', '1', '5', '2', 'Cabin'),
('369', '1', '5', '2', 'Fire Supression'),
('37', '1', '2', '1', 'Front Suspension'),
('370', '1', '5', '2', 'Air Conditioner'),
('371', '1', '5', '2', 'Auto lubrication'),
('372', '1', '5', '2', 'Frame & Chassis'),
('373', '1', '5', '3', 'Engine'),
('374', '1', '5', '3', 'Adjust Valve'),
('375', '1', '5', '3', 'Turbocharger'),
('376', '1', '5', '3', 'Radiator & cooling system'),
('377', '1', '5', '3', 'Fuel Pump/HEUI Pump (Grader Only)'),
('378', '1', '5', '3', 'Air Compressor & Air Tank (Grader Only)'),
('379', '1', '5', '3', 'Torque Converter (Grader Only)'),
('38', '1', '2', '1', 'Rear Suspension'),
('380', '1', '5', '3', 'Transmission Pump (Grader Only)'),
('381', '1', '5', '3', 'Hydroshift transmission (Grader Only)'),
('382', '1', '5', '3', 'Tandem & Wheel (Grader Only)'),
('383', '1', '5', '3', 'Accumulator (Grader Only)'),
('384', '1', '5', '3', 'Power Train Module (Articulated Only)'),
('385', '1', '5', '3', 'Drop box (Articulated Only)'),
('386', '1', '5', '3', 'Torqflow transmission'),
('387', '1', '5', '3', 'Front axle & wheel'),
('388', '1', '5', '3', 'Rear axle & wheel'),
('389', '1', '5', '3', 'Front Suspension'),
('39', '1', '2', '1', 'Hydraulic Pump'),
('390', '1', '5', '3', 'Rear Suspension'),
('391', '1', '5', '3', 'Hydraulic Pump'),
('392', '1', '5', '3', 'Hydraulic Control Valve'),
('393', '1', '5', '3', 'Hydraulic Cylinder'),
('394', '1', '5', '3', 'Steering Pump'),
('395', '1', '5', '3', 'Steering Demand Valve'),
('396', '1', '5', '3', 'Steering Valve'),
('397', '1', '5', '3', 'Steering Cylinder'),
('398', '1', '5', '3', 'Brake Valve and Relay Valve'),
('399', '1', '5', '3', 'Brake Chamber'),
('4', '1', '1', '2', 'Daily Check'),
('40', '1', '2', '1', 'Hydraulic Control Valve'),
('400', '1', '5', '3', 'Front Brake'),
('401', '1', '5', '3', 'Rear Brake'),
('402', '1', '5', '3', 'Parking Brake'),
('403', '1', '5', '3', 'Electric Harness'),
('404', '1', '5', '3', 'Electric Component'),
('405', '1', '5', '3', 'Cabin'),
('406', '1', '5', '3', 'Fire Supression'),
('407', '1', '5', '3', 'Air Conditioner'),
('408', '1', '5', '3', 'Auto lubrication'),
('409', '1', '5', '3', 'Frame & Chassis'),
('41', '1', '2', '1', 'Hydraulic Cylinder'),
('410', '1', '5', '4', 'Engine'),
('411', '1', '5', '4', 'Adjust Valve'),
('412', '1', '5', '4', 'Turbocharger'),
('413', '1', '5', '4', 'Radiator & cooling system'),
('414', '1', '5', '4', 'Fuel Pump/HEUI Pump (Grader Only)'),
('415', '1', '5', '4', 'Air Compressor & Air Tank (Grader Only)'),
('416', '1', '5', '4', 'Torque Converter (Grader Only)'),
('417', '1', '5', '4', 'Transmission Pump (Grader Only)'),
('418', '1', '5', '4', 'Hydroshift transmission (Grader Only)'),
('419', '1', '5', '4', 'Tandem & Wheel (Grader Only)'),
('42', '1', '2', '1', 'Steering Pump and Valve'),
('420', '1', '5', '4', 'Accumulator (Grader Only)'),
('421', '1', '5', '4', 'Power Train Module (Articulated Only)'),
('422', '1', '5', '4', 'Drop box (Articulated Only)'),
('423', '1', '5', '4', 'Torqflow transmission'),
('424', '1', '5', '4', 'Front axle & wheel'),
('425', '1', '5', '4', 'Rear axle & wheel'),
('426', '1', '5', '4', 'Front Suspension'),
('427', '1', '5', '4', 'Rear Suspension'),
('428', '1', '5', '4', 'Hydraulic Pump'),
('429', '1', '5', '4', 'Hydraulic Control Valve'),
('43', '1', '2', '1', 'Steering Demand Valve'),
('430', '1', '5', '4', 'Hydraulic Cylinder'),
('431', '1', '5', '4', 'Steering Pump'),
('432', '1', '5', '4', 'Steering Demand Valve'),
('433', '1', '5', '4', 'Steering Valve'),
('434', '1', '5', '4', 'Steering Cylinder'),
('435', '1', '5', '4', 'Brake Valve and Relay Valve'),
('436', '1', '5', '4', 'Brake Chamber'),
('437', '1', '5', '4', 'Front Brake'),
('438', '1', '5', '4', 'Rear Brake'),
('439', '1', '5', '4', 'Parking Brake'),
('44', '1', '2', '1', 'Steering Valve and Acumulator'),
('440', '1', '5', '4', 'Electric Harness'),
('441', '1', '5', '4', 'Electric Component'),
('442', '1', '5', '4', 'Cabin'),
('443', '1', '5', '4', 'Fire Supression'),
('444', '1', '5', '4', 'Air Conditioner'),
('445', '1', '5', '4', 'Auto lubrication'),
('446', '1', '5', '4', 'Frame & Chassis'),
('447', '2', '1', '5', 'Daily Check'),
('448', '2', '1', '5', 'Periodical Service'),
('449', '2', '1', '5', 'Inspection / Quick PM'),
('45', '1', '2', '1', 'Steering Cylinder'),
('450', '2', '1', '6', 'Daily Check'),
('451', '2', '1', '6', 'Periodical Service'),
('452', '2', '1', '6', 'Inspection / Quick PM'),
('453', '2', '2', '5', 'Engine'),
('454', '2', '2', '5', 'Damper (Dozer Only)'),
('455', '2', '2', '5', 'Alternator'),
('456', '2', '2', '5', 'Starting Motor'),
('457', '2', '2', '5', 'Turbocharger'),
('458', '2', '2', '5', 'Fuel Pump'),
('459', '2', '2', '5', 'Injector/Nozzle'),
('46', '1', '2', '1', 'Brake Valves and Accumulator'),
('460', '2', '2', '5', 'Water Pump'),
('461', '2', '2', '5', 'Engine Oil Pump'),
('462', '2', '2', '5', 'Radiator and Cooling System'),
('463', '2', '2', '5', 'Oil Cooler'),
('464', '2', '2', '5', 'Fan Motor'),
('465', '2', '2', '5', 'Hydraulic Pump'),
('466', '2', '2', '5', 'Hydraulic Cylinder'),
('467', '2', '2', '5', 'Hydraulic Control Valve'),
('468', '2', '2', '5', 'Power Train Pump (Dozer Only)'),
('469', '2', '2', '5', 'Steering and Brake Valve (Dozer Only)'),
('47', '1', '2', '1', 'Brake Chamber'),
('470', '2', '2', '5', 'Transmission and TC Control Valve(Dozer Only)'),
('471', '2', '2', '5', 'Transmission module (Dozer Only)'),
('472', '2', '2', '5', 'Torque Converter (Dozer Only)'),
('473', '2', '2', '5', 'Transmission (Dozer Only)'),
('474', '2', '2', '5', 'Bevel Gear (Dozer Only)'),
('475', '2', '2', '5', 'Steering Clutch and Brake (Dozer Only)'),
('476', '2', '2', '5', 'Swing Machinarry'),
('477', '2', '2', '5', 'Swing Circle'),
('478', '2', '2', '5', 'Swing Motor'),
('479', '2', '2', '5', 'Rotary Valve'),
('48', '1', '2', '1', 'Front Brake'),
('480', '2', '2', '5', 'Travel Motor'),
('481', '2', '2', '5', 'Final Drive and Travel Brake'),
('482', '2', '2', '5', 'PTO'),
('483', '2', '2', '5', 'Undercarriage Assy'),
('484', '2', '2', '5', 'Track Adjuster & Accumulator'),
('485', '2', '2', '5', 'Attachment'),
('486', '2', '2', '5', 'Electric Harness'),
('487', '2', '2', '5', 'Electric Component'),
('488', '2', '2', '5', 'Cabin'),
('489', '2', '2', '5', 'Air Conditioner'),
('49', '1', '2', '1', 'Rear Brake'),
('490', '2', '2', '5', 'Auto lubrication Vogel'),
('491', '2', '2', '5', 'Auto lubrication Lincoln'),
('492', '2', '2', '5', 'Fire Supression'),
('493', '2', '2', '6', 'Engine'),
('494', '2', '2', '6', 'Damper (Dozer Only)'),
('495', '2', '2', '6', 'Alternator'),
('496', '2', '2', '6', 'Starting Motor'),
('497', '2', '2', '6', 'Turbocharger'),
('498', '2', '2', '6', 'Fuel Pump'),
('499', '2', '2', '6', 'Injector/Nozzle'),
('5', '1', '1', '2', 'Periodical Service'),
('50', '1', '2', '1', 'Parking Brake'),
('500', '2', '2', '6', 'Water Pump'),
('501', '2', '2', '6', 'Engine Oil Pump'),
('502', '2', '2', '6', 'Radiator and Cooling System'),
('503', '2', '2', '6', 'Oil Cooler'),
('504', '2', '2', '6', 'Fan Motor'),
('505', '2', '2', '6', 'Hydraulic Pump'),
('506', '2', '2', '6', 'Hydraulic Cylinder'),
('507', '2', '2', '6', 'Hydraulic Control Valve'),
('508', '2', '2', '6', 'Power Train Pump (Dozer Only)'),
('509', '2', '2', '6', 'Steering and Brake Valve (Dozer Only)'),
('51', '1', '2', '1', 'Electric Harness'),
('510', '2', '2', '6', 'Transmission and TC Control Valve(Dozer Only)'),
('511', '2', '2', '6', 'Transmission module (Dozer Only)'),
('512', '2', '2', '6', 'Torque Converter (Dozer Only)'),
('513', '2', '2', '6', 'Transmission (Dozer Only)'),
('514', '2', '2', '6', 'Bevel Gear (Dozer Only)'),
('515', '2', '2', '6', 'Steering Clutch and Brake (Dozer Only)'),
('516', '2', '2', '6', 'Swing Machinarry'),
('517', '2', '2', '6', 'Swing Circle'),
('518', '2', '2', '6', 'Swing Motor'),
('519', '2', '2', '6', 'Rotary Valve'),
('52', '1', '2', '1', 'Electric Component'),
('520', '2', '2', '6', 'Travel Motor'),
('521', '2', '2', '6', 'Final Drive and Travel Brake'),
('522', '2', '2', '6', 'PTO'),
('523', '2', '2', '6', 'Undercarriage Assy'),
('524', '2', '2', '6', 'Track Adjuster & Accumulator'),
('525', '2', '2', '6', 'Attachment'),
('526', '2', '2', '6', 'Electric Harness'),
('527', '2', '2', '6', 'Electric Component'),
('528', '2', '2', '6', 'Cabin'),
('529', '2', '2', '6', 'Air Conditioner'),
('53', '1', '2', '1', 'Drop box (Articulated Ony)'),
('530', '2', '2', '6', 'Auto lubrication Vogel'),
('531', '2', '2', '6', 'Auto lubrication Lincoln'),
('532', '2', '2', '6', 'Fire Supression'),
('533', '2', '4', '5', 'PTO'),
('534', '2', '4', '5', 'Damper (Dozer Only)'),
('535', '2', '4', '5', 'Swing Machinarry'),
('536', '2', '4', '5', 'Swing Circle '),
('537', '2', '4', '5', 'Bevel Gear (Dozer Only)'),
('538', '2', '4', '5', 'Final Drive'),
('539', '2', '4', '5', 'Travel Brake'),
('54', '1', '2', '1', 'Vessel'),
('540', '2', '4', '5', 'Alternator'),
('541', '2', '4', '5', 'Starting Motor'),
('542', '2', '4', '5', 'Water Pump'),
('543', '2', '4', '6', 'PTO'),
('544', '2', '4', '6', 'Damper (Dozer Only)'),
('545', '2', '4', '6', 'Swing Machinarry'),
('546', '2', '4', '6', 'Swing Circle '),
('547', '2', '4', '6', 'Bevel Gear (Dozer Only)'),
('548', '2', '4', '6', 'Final Drive'),
('549', '2', '4', '6', 'Travel Brake'),
('55', '1', '2', '1', 'Cabin'),
('550', '2', '4', '6', 'Alternator'),
('551', '2', '4', '6', 'Starting Motor'),
('552', '2', '4', '6', 'Water Pump'),
('553', '2', '3', '5', 'Engine'),
('554', '2', '3', '5', 'Travel System'),
('555', '2', '3', '5', 'Hydraulic System'),
('556', '2', '3', '5', 'Steering & Brake System (Dozer Only)'),
('557', '2', '3', '5', 'Swing System'),
('558', '2', '3', '5', 'Electrical System'),
('559', '2', '3', '5', 'Fire Supression'),
('56', '1', '2', '1', 'Fire Supression'),
('560', '2', '3', '5', 'Air Conditioner'),
('561', '2', '3', '5', 'Auto lubrication Vogel'),
('562', '2', '3', '5', 'Auto lubrication Lincoln'),
('563', '2', '3', '5', 'PPM'),
('564', '2', '3', '5', 'PPU'),
('565', '2', '3', '5', 'PAP'),
('566', '2', '3', '6', 'Engine'),
('567', '2', '3', '6', 'Travel System'),
('568', '2', '3', '6', 'Hydraulic System'),
('569', '2', '3', '6', 'Steering & Brake System (Dozer Only)'),
('57', '1', '2', '1', 'Air Conditioner'),
('570', '2', '3', '6', 'Swing System'),
('571', '2', '3', '6', 'Electrical System'),
('572', '2', '3', '6', 'Fire Supression'),
('573', '2', '3', '6', 'Air Conditioner'),
('574', '2', '3', '6', 'Auto lubrication Vogel'),
('575', '2', '3', '6', 'Auto lubrication Lincoln'),
('576', '2', '3', '6', 'PPM'),
('577', '2', '3', '6', 'PPU'),
('578', '2', '3', '6', 'PAP'),
('579', '2', '5', '5', 'Engine'),
('58', '1', '2', '1', 'Auto lubrication Lincoln'),
('580', '2', '5', '5', 'Adjust Valve'),
('581', '2', '5', '5', 'Turbocharger'),
('582', '2', '5', '5', 'Radiator and Cooling System'),
('583', '2', '5', '5', 'Fan Motor'),
('584', '2', '5', '5', 'Hydraulic Pump'),
('585', '2', '5', '5', 'Hydraulic Cylinder'),
('586', '2', '5', '5', 'Hydraulic Control Valve'),
('587', '2', '5', '5', 'Power Train Pump (Dozer Only)'),
('588', '2', '5', '5', 'Steering and Brake Valve (Dozer Only)'),
('589', '2', '5', '5', 'Transmission and TC Control Valve (Dozer Only)'),
('59', '1', '2', '1', 'Auto lubrication Vogel'),
('590', '2', '5', '5', 'Swing Machinarry'),
('591', '2', '5', '5', 'Swing Circle '),
('592', '2', '5', '5', 'Swing Motor'),
('593', '2', '5', '5', 'Rotary Valve'),
('594', '2', '5', '5', 'Travel Motor'),
('595', '2', '5', '5', 'Final Drive and Travel Brake'),
('596', '2', '5', '5', 'PTO'),
('597', '2', '5', '5', 'Track Adjuster & Accumulator'),
('598', '2', '5', '5', 'Attachment'),
('599', '2', '5', '5', 'Electric Harness'),
('6', '1', '1', '2', 'Inspection / Quick PM'),
('60', '1', '2', '1', 'Propeller shaft & U-Joint'),
('600', '2', '5', '5', 'Electric Component'),
('601', '2', '5', '5', 'Cabin'),
('602', '2', '5', '5', 'Air Conditioner'),
('603', '2', '5', '5', 'Auto lubrication Vogel'),
('604', '2', '5', '5', 'Auto lubrication Lincoln'),
('605', '2', '5', '5', 'Fire Supression'),
('606', '2', '5', '6', 'Engine'),
('607', '2', '5', '6', 'Adjust Valve'),
('608', '2', '5', '6', 'Turbocharger'),
('609', '2', '5', '6', 'Radiator and Cooling System'),
('61', '1', '2', '2', 'Engine'),
('610', '2', '5', '6', 'Fan Motor'),
('611', '2', '5', '6', 'Hydraulic Pump'),
('612', '2', '5', '6', 'Hydraulic Cylinder'),
('613', '2', '5', '6', 'Hydraulic Control Valve'),
('614', '2', '5', '6', 'Power Train Pump (Dozer Only)'),
('615', '2', '5', '6', 'Steering and Brake Valve (Dozer Only)'),
('616', '2', '5', '6', 'Transmission and TC Control Valve (Dozer Only)'),
('617', '2', '5', '6', 'Swing Machinarry'),
('618', '2', '5', '6', 'Swing Circle '),
('619', '2', '5', '6', 'Swing Motor'),
('62', '1', '2', '2', 'Alternator'),
('620', '2', '5', '6', 'Rotary Valve'),
('621', '2', '5', '6', 'Travel Motor'),
('622', '2', '5', '6', 'Final Drive and Travel Brake'),
('623', '2', '5', '6', 'PTO'),
('624', '2', '5', '6', 'Track Adjuster & Accumulator'),
('625', '2', '5', '6', 'Attachment'),
('626', '2', '5', '6', 'Electric Harness'),
('627', '2', '5', '6', 'Electric Component'),
('628', '2', '5', '6', 'Cabin'),
('629', '2', '5', '6', 'Air Conditioner'),
('63', '1', '2', '2', 'Starting Motor'),
('630', '2', '5', '6', 'Auto lubrication Vogel'),
('631', '2', '5', '6', 'Auto lubrication Lincoln'),
('632', '2', '5', '6', 'Fire Supression'),
('64', '1', '2', '2', 'Turbocharger'),
('65', '1', '2', '2', 'Fuel Pump'),
('66', '1', '2', '2', 'Fuel Pump/HEUI Pump (Grader Only)'),
('67', '1', '2', '2', 'Injector/Nozzle'),
('68', '1', '2', '2', 'Water Pump'),
('69', '1', '2', '2', 'Air Compressor'),
('7', '1', '1', '3', 'Daily Check'),
('70', '1', '2', '2', 'Air Compressor & Air Tank (Grader Only)'),
('71', '1', '2', '2', 'Engine Oil Pump'),
('72', '1', '2', '2', 'Radiator & cooling system'),
('73', '1', '2', '2', 'Intercooler (Articulated Only)'),
('74', '1', '2', '2', 'Torque Converter (Grader Only)'),
('75', '1', '2', '2', 'Transmission Pump (Grader Only)'),
('76', '1', '2', '2', 'Hydroshift transmission (Grader Only)'),
('77', '1', '2', '2', 'Power Train Module (Articulated only)'),
('78', '1', '2', '2', 'Torqflow transmission'),
('79', '1', '2', '2', 'Front axle & wheel'),
('8', '1', '1', '3', 'Periodical Service'),
('80', '1', '2', '2', 'Rear axle & wheel'),
('81', '1', '2', '2', 'Differential'),
('82', '1', '2', '2', 'Tandem & Wheel (Grader Only)'),
('83', '1', '2', '2', 'Accumulator (Grader Only)'),
('84', '1', '2', '2', 'Circle & Drawbar (Grader Only)'),
('85', '1', '2', '2', 'Front Suspension'),
('86', '1', '2', '2', 'Rear Suspension'),
('87', '1', '2', '2', 'Hydraulic Pump'),
('88', '1', '2', '2', 'Hydraulic Control Valve'),
('89', '1', '2', '2', 'Hydraulic Cylinder'),
('9', '1', '1', '3', 'Inspection / Quick PM'),
('90', '1', '2', '2', 'Steering Pump and Valve'),
('91', '1', '2', '2', 'Steering Demand Valve'),
('92', '1', '2', '2', 'Steering Valve and Acumulator'),
('93', '1', '2', '2', 'Steering Cylinder'),
('94', '1', '2', '2', 'Brake Valves and Accumulator'),
('95', '1', '2', '2', 'Brake Chamber'),
('96', '1', '2', '2', 'Front Brake'),
('97', '1', '2', '2', 'Rear Brake'),
('98', '1', '2', '2', 'Parking Brake'),
('99', '1', '2', '2', 'Electric Harness'),
<<<<<<< HEAD
('6338', '3', '1', '7', 'Daily Check'),
('6339', '3', '1', '7', 'Periodical Service'),
('6340', '3', '1', '7', 'Inspection / Quick PM'),
('6718', '3', '2', '7', 'Engine'),
('6719', '3', '2', '7', 'Turbocharger'),
('6720', '3', '2', '7', 'Radiator & Cooling System'),
('6721', '3', '2', '7', 'Intercooler'),
('6722', '3', '2', '7', 'Fuel Pump'),
('6723', '3', '2', '7', 'Nozzle/Injector'),
('6724', '3', '2', '7', 'Alternator'),
('6725', '3', '2', '7', 'Starting Motor'),
('6726', '3', '2', '7', 'Water Pump'),
('6727', '3', '2', '7', 'Transmission'),
('6728', '3', '2', '7', 'Clutch'),
('6729', '3', '2', '7', 'Front Axle and Wheel'),
('6730', '3', '2', '7', 'Rear Axle and Wheel'),
('6731', '3', '2', '7', 'Steering Gearbox'),
('6732', '3', '2', '7', 'Steering Pump'),
('6733', '3', '2', '7', 'Steering Lingkage'),
('6734', '3', '2', '7', 'Air Compressor and Air Tank'),
('6735', '3', '2', '7', 'Brake Chamber'),
('6736', '3', '2', '7', 'Brake Valves'),
('6737', '3', '2', '7', 'Front Brake'),
('6738', '3', '2', '7', 'Rear Brake'),
('6739', '3', '2', '7', 'Cabin'),
('6740', '3', '2', '7', 'Electric Hamess'),
('6741', '3', '2', '7', 'Electric Component'),
('6742', '3', '2', '7', 'Boggie and Suspension'),
('6743', '3', '2', '7', 'Air Conditioner'),
('6744', '3', '2', '7', 'Auto lubrication Vogel'),
('6745', '3', '2', '7', 'Hydraulic Pump / PTO'),
('6746', '3', '2', '7', 'Propeller Shaft & U-Joint'),
('6341', '3', '2', '7', 'Fifth Wheel (Scania Only)'),
('6342', '3', '2', '7', 'Propeller Shaft & U-Joint'),
('6343', '3', '2', '7', 'HEUI Pump (Drilling Only)'),
('6344', '3', '2', '7', 'Butterfly Valve (Drilling Only)'),
('6345', '3', '2', '7', 'Poppet Valve (Drilling Only)'),
('6346', '3', '2', '7', 'Hydraulic Control Valves(Drilling Only)'),
('6347', '3', '2', '7', 'Hydraulic Motor Rotary Head(Drilling Only)'),
('6348', '3', '2', '7', 'Oil Cooler(Drilling Only)'),
('6349', '3', '2', '7', 'Rock Drill(Drilling Only)'),
('6340', '3', '2', '7', 'Down Hole(Drilling Only)'),
('6312', '3', '2', '7', 'Fan Motor(Drilling Only)'),
('6313', '3', '2', '7', 'Travel Motor and Travel Brake (Drilling Only)'),
('6314', '3', '2', '7', 'Pull Down Gearbox(Drilling Only)'),
('6315', '3', '2', '7', 'GET(Drilling Only)'),
('6316', '3', '2', '7', 'Under Carriage Assy(Drilling Only)'),
('6317', '3', '2', '7', 'Track Adjuster(Drilling Only)'),
('6318', '3', '2', '7', 'Fire Suspression(Drilling Only)'),
('6319', '3', '2', '7', 'Engine/Motor(Pump Only)'),
('6320', '3', '2', '7', 'Canopy & Ponton(Pump Only)'),
('6321', '3', '2', '7', 'Vacuum Pump(Pump Only)'),
('6222', '3', '2', '7', 'Bare shaft(Pump Only)'),
('6322', '3', '2', '7', 'Canopy & Skidding(Lighting Only)'),
('6324', '3', '2', '7', 'Generator(Lighting Only)'),
('6323', '3', '2', '7', 'Hydraulic Component(Lifting Only)'),
('6256', '3', '2', '7', 'Attachment(Lifting Only)'),
('6326', '3', '2', '7', 'Swing Machinery(Lifting Only)'),
('6327', '3', '2', '7', 'Rotary Joint(Lifting Only)'),
('6328', '3', '2', '7', 'Differential(Lifting Only)'),
('6328', '3', '2', '7', 'Hydraulic Motor & Winch(Lifting Only)'),
('6756', '3', '3', '7', 'Engine'),
('6766', '3', '3', '7', 'Transmission'),
('6776', '3', '3', '7', 'Differential'),
('6786', '3', '3', '7', 'Hydraulic'),
('6796', '3', '3', '7', 'Steering System'),
('6806', '3', '3', '7', 'Brake System'),
('6816', '3', '3', '7', 'Electric System'),
('6826', '3', '3', '7', 'Air Conditioner'),
('6836', '3', '3', '7', 'Air System'),
('6846', '3', '3', '7', 'PPM'),
('6856', '3', '3', '7', 'PAP'),
('6646', '2', '3', '7', 'PPU (Drilling Only)'),
('6318', '3', '3', '7', 'Fire Suspression(Drilling Only)'),
('6612', '3', '3', '7', 'Auto lubrication Vogel (Drilling Only)'),
('6691', '3', '3', '7', 'Transmission  & Clutch (Pump Only)'),
('6321', '3', '3', '7', 'Vacuum Pump(Pump Only)'),
('6979', '3', '3', '7', 'Generator System(Lighting Only)'),
('6321', '3', '3', '7', 'Power Train(Lifting Only)'),
('6686', '3', '5', '7', 'Engine'),
('6687', '3', '5', '7', 'Adjust Valve'),
('6688', '3', '5', '7', 'Alternator'),
('6689', '3', '5', '7', 'Starting Motor'),
('6690', '3', '5', '7', 'Turbocharger'),
('6691', '3', '5', '7', 'Air Compressor & Air Tank'),
('6692', '3', '5', '7', 'Radiator & cooling system'),
('6693', '3', '5', '7', 'Intercooler'),
('6694', '3', '5', '7', 'Fuel Pump'),
('6695', '3', '5', '7', 'Nozzle/Injector'),
('6696', '3', '5', '7', 'Transmission'),
('6697', '3', '5', '7', 'Clutch'),
('6698', '3', '5', '7', 'Front Axle and Wheel'),
('6699', '3', '5', '7', 'Rear Axle and Wheel'),
('6700', '3', '5', '7', 'Steering Gearbox'),
('6701', '3', '5', '7', 'Steering Pump'),
('6702', '3', '5', '7', 'Steering Lingkage'),
('6703', '3', '5', '7', 'Brake Chamber'),
('6704', '3', '5', '7', 'Brake Valves'),
('6705', '3', '5', '7', 'Front Brake'),
('6706', '3', '5', '7', 'Rear Brake'),
('6707', '3', '5', '7', 'Cabin'),
('6708', '3', '5', '7', 'Electric Hamess'),
('6709', '3', '5', '7', 'Electric Component'),
('6710', '3', '5', '7', 'Boggie and Suspension'),
('6711', '3', '5', '7', 'Air Conditioner'),
('6712', '3', '5', '7', 'Auto lubrication Vogel'),
('6713', '3', '5', '7', 'Hydraulic Pump / PTO'),
('6714', '3', '5', '7', 'Fifth Wheel'),
('6819', '3', '5', '7', 'Fifth Wheel'),
('6820', '3', '5', '7', 'HUEI Pump(Drilling Only)'),
('6821', '3', '5', '7', 'Air Control Valve Drilling (Drilling Only)'),
('6822', '3', '5', '7', 'Hydraulic Pump (Drilling Only)'),
('6823', '3', '5', '7', 'Hydraulic Control Valve (Drilling Only)'),
('6824', '3', '5', '7', 'Hydraulic Motor Rotary Head (Drilling Only)'),
('6825', '3', '5', '7', 'Rock Drill (Drilling Only)'),
('6826', '3', '5', '7', 'Rotary Head (Drilling Only)'),
('6827', '3', '5', '7', 'Down Hole Drill (Drilling Only)'),
('6828', '3', '5', '7', 'Fan Motor (Drilling Only)'),
('6829', '3', '5', '7', 'Pull Down Gear Box (Drilling Only)'),
('6830', '3', '5', '7', 'Track Adjuster (Drilling Only)'),
('6831', '3', '5', '7', 'Propeller Shaft & U-Joint (Drilling Only)'),
('6922', '3', '5', '7', 'Vacuum Pump (Pump Only)'),
('6009', '3', '5', '7', 'Electric Control Panel Box (Lighting Only)'),
('6010', '3', '5', '7', 'Generator (Lighting Only)'),
('6011', '3', '5', '7', 'Attachment / Tower (Lighting Only)'),
('6107', '3', '5', '7', 'Attachment (Lifting Only)'),
('6108', '3', '5', '7', 'Swing Machinery (Lifting Only)'),
('6109', '3', '5', '7', 'Rotary Joint (Lifting Only)'),
('6110', '3', '5', '7', 'Chain, Wire Rope & Hook (Lifting Only)'),
('6111', '3', '5', '7', 'Hydraulic Component (Lifting Only)'),
('6112', '3', '5', '7', 'Hydraulic Motor & Winch (Lifting Only)'),
('6663', '3', '4', '7', 'Rear Axle '),
('6664', '3', '4', '7', 'Front Axle'),
('6765', '3', '4', '7', 'Differential'),
('6766', '3', '4', '7', 'Final Drive'),
('6767', '3', '4', '7', 'Boggie and Suspension'),
('6768', '3', '4', '7', 'Alternator'),
('6769', '3', '4', '7', 'Starting Motor'),
('6770', '3', '4', '7', 'Air Compressor'),
('6771', '3', '4', '7', 'Steering Gearbox'),
('6772', '3', '4', '7', 'Transmission'),
('6773', '3', '4', '7', 'Pull Down Gearbox / Rotary Head (Drilling Only'),
('6774', '3', '4', '7', 'Hydraulic Motor (Drilling Only)'),
('6775', '3', '4', '7', 'Rock Drill (Drilling Only)'),
('6776', '3', '4', '7', 'Travel Motor and Travel Brake (Drilling Only)'),
('6321', '3', '4', '7', 'Vacuum Pump(Pump Only)'),
('6222', '3', '4', '7', 'Bare shaft(Pump Only)'),
('6324', '3', '4', '7', 'Generator(Lighting Only)'),
('6060', '3', '4', '7', 'Brake'),
('6061', '3', '4', '7', 'Hydraulic Motor'),
('6062', '3', '4', '7', 'Hydraulic Component'),
('6063', '3', '4', '7', 'Swing Machinery'),
('6064', '3', '4', '7', 'Steering Component'),
('6065', '3', '4', '7', 'Air & Brake Component'),
('7338', '3', '1', '8', 'Daily Check'),
('7339', '3', '1', '8', 'Periodical Service'),
('7340', '3', '1', '8', 'Inspection / Quick PM'),
('7718', '3', '2', '8', 'Engine'),
('7719', '3', '2', '8', 'Turbocharger'),
('7720', '3', '2', '8', 'Radiator & Cooling System'),
('7721', '3', '2', '8', 'Intercooler'),
('7722', '3', '2', '8', 'Fuel Pump'),
('7723', '3', '2', '8', 'Nozzle/Injector'),
('7724', '3', '2', '8', 'Alternator'),
('7725', '3', '2', '8', 'Starting Motor'),
('7726', '3', '2', '8', 'Water Pump'),
('7727', '3', '2', '8', 'Transmission'),
('7728', '3', '2', '8', 'Clutch'),
('7729', '3', '2', '8', 'Front Axle and Wheel'),
('7730', '3', '2', '8', 'Rear Axle and Wheel'),
('7731', '3', '2', '8', 'Steering Gearbox'),
('7732', '3', '2', '8', 'Steering Pump'),
('7733', '3', '2', '8', 'Steering Lingkage'),
('7734', '3', '2', '8', 'Air Compressor and Air Tank'),
('7735', '3', '2', '8', 'Brake Chamber'),
('7736', '3', '2', '8', 'Brake Valves'),
('7737', '3', '2', '8', 'Front Brake'),
('7738', '3', '2', '8', 'Rear Brake'),
('7739', '3', '2', '8', 'Cabin'),
('7740', '3', '2', '8', 'Electric Hamess'),
('7741', '3', '2', '8', 'Electric Component'),
('7742', '3', '2', '8', 'Boggie and Suspension'),
('7743', '3', '2', '8', 'Air Conditioner'),
('7744', '3', '2', '8', 'Auto lubrication Vogel'),
('7745', '3', '2', '8', 'Hydraulic Pump / PTO'),
('7746', '3', '2', '8', 'Propeller Shaft & U-Joint'),
('7341', '3', '2', '8', 'Fifth Wheel (Scania Only)'),
('7342', '3', '2', '8', 'Propeller Shaft & U-Joint'),
('7343', '3', '2', '8', 'HEUI Pump (Drilling Only)'),
('7344', '3', '2', '8', 'Butterfly Valve (Drilling Only)'),
('7345', '3', '2', '8', 'Poppet Valve (Drilling Only)'),
('7346', '3', '2', '8', 'Hydraulic Control Valves(Drilling Only)'),
('7347', '3', '2', '8', 'Hydraulic Motor Rotary Head(Drilling Only)'),
('7348', '3', '2', '8', 'Oil Cooler(Drilling Only)'),
('7349', '3', '2', '8', 'Rock Drill(Drilling Only)'),
('7340', '3', '2', '8', 'Down Hole(Drilling Only)'),
('7312', '3', '2', '8', 'Fan Motor(Drilling Only)'),
('7313', '3', '2', '8', 'Travel Motor and Travel Brake (Drilling Only)'),
('7314', '3', '2', '8', 'Pull Down Gearbox(Drilling Only)'),
('7315', '3', '2', '8', 'GET(Drilling Only)'),
('7316', '3', '2', '8', 'Under Carriage Assy(Drilling Only)'),
('7317', '3', '2', '8', 'Track Adjuster(Drilling Only)'),
('7318', '3', '2', '8', 'Fire Suspression(Drilling Only)'),
('7319', '3', '2', '8', 'Engine/Motor(Pump Only)'),
('7320', '3', '2', '8', 'Canopy & Ponton(Pump Only)'),
('7321', '3', '2', '8', 'Vacuum Pump(Pump Only)'),
('7222', '3', '2', '8', 'Bare shaft(Pump Only)'),
('7322', '3', '2', '8', 'Canopy & Skidding(Lighting Only)'),
('7324', '3', '2', '8', 'Generator(Lighting Only)'),
('7323', '3', '2', '8', 'Hydraulic Component(Lifting Only)'),
('7256', '3', '2', '8', 'Attachment(Lifting Only)'),
('7326', '3', '2', '8', 'Swing Machinery(Lifting Only)'),
('7327', '3', '2', '8', 'Rotary Joint(Lifting Only)'),
('7328', '3', '2', '8', 'Differential(Lifting Only)'),
('7328', '3', '2', '8', 'Hydraulic Motor & Winch(Lifting Only)'),
('7756', '3', '3', '8', 'Engine'),
('7766', '3', '3', '8', 'Transmission'),
('7776', '3', '3', '8', 'Differential'),
('7786', '3', '3', '8', 'Hydraulic'),
('7796', '3', '3', '8', 'Steering System'),
('7806', '3', '3', '8', 'Brake System'),
('7816', '3', '3', '8', 'Electric System'),
('7826', '3', '3', '8', 'Air Conditioner'),
('7836', '3', '3', '8', 'Air System'),
('7846', '3', '3', '8', 'PPM'),
('7856', '3', '3', '8', 'PAP'),
('7646', '2', '3', '8', 'PPU (Drilling Only)'),
('7318', '3', '3', '8', 'Fire Suspression(Drilling Only)'),
('7612', '3', '3', '8', 'Auto lubrication Vogel (Drilling Only)'),
('7691', '3', '3', '8', 'Transmission  & Clutch (Pump Only)'),
('7321', '3', '3', '8', 'Vacuum Pump(Pump Only)'),
('7979', '3', '3', '8', 'Generator System(Lighting Only)'),
('7321', '3', '3', '8', 'Power Train(Lifting Only)'),
('7686', '3', '5', '8', 'Engine'),
('7687', '3', '5', '8', 'Adjust Valve'),
('7688', '3', '5', '8', 'Alternator'),
('7689', '3', '5', '8', 'Starting Motor'),
('7690', '3', '5', '8', 'Turbocharger'),
('7691', '3', '5', '8', 'Air Compressor & Air Tank'),
('7692', '3', '5', '8', 'Radiator & cooling system'),
('7693', '3', '5', '8', 'Intercooler'),
('7694', '3', '5', '8', 'Fuel Pump'),
('7695', '3', '5', '8', 'Nozzle/Injector'),
('7696', '3', '5', '8', 'Transmission'),
('7697', '3', '5', '8', 'Clutch'),
('7698', '3', '5', '8', 'Front Axle and Wheel'),
('7699', '3', '5', '8', 'Rear Axle and Wheel'),
('7700', '3', '5', '8', 'Steering Gearbox'),
('7701', '3', '5', '8', 'Steering Pump'),
('7702', '3', '5', '8', 'Steering Lingkage'),
('7703', '3', '5', '8', 'Brake Chamber'),
('7704', '3', '5', '8', 'Brake Valves'),
('7705', '3', '5', '8', 'Front Brake'),
('7706', '3', '5', '8', 'Rear Brake'),
('7707', '3', '5', '8', 'Cabin'),
('7708', '3', '5', '8', 'Electric Hamess'),
('7709', '3', '5', '8', 'Electric Component'),
('7710', '3', '5', '8', 'Boggie and Suspension'),
('7711', '3', '5', '8', 'Air Conditioner'),
('7712', '3', '5', '8', 'Auto lubrication Vogel'),
('7713', '3', '5', '8', 'Hydraulic Pump / PTO'),
('7714', '3', '5', '8', 'Fifth Wheel'),
('7819', '3', '5', '8', 'Fifth Wheel'),
('7820', '3', '5', '8', 'HUEI Pump(Drilling Only)'),
('7821', '3', '5', '8', 'Air Control Valve Drilling (Drilling Only)'),
('7822', '3', '5', '8', 'Hydraulic Pump (Drilling Only)'),
('7823', '3', '5', '8', 'Hydraulic Control Valve (Drilling Only)'),
('7824', '3', '5', '8', 'Hydraulic Motor Rotary Head (Drilling Only)'),
('7825', '3', '5', '8', 'Rock Drill (Drilling Only)'),
('7826', '3', '5', '8', 'Rotary Head (Drilling Only)'),
('7827', '3', '5', '8', 'Down Hole Drill (Drilling Only)'),
('7828', '3', '5', '8', 'Fan Motor (Drilling Only)'),
('7829', '3', '5', '8', 'Pull Down Gear Box (Drilling Only)'),
('7830', '3', '5', '8', 'Track Adjuster (Drilling Only)'),
('7831', '3', '5', '8', 'Propeller Shaft & U-Joint (Drilling Only)'),
('7922', '3', '5', '8', 'Vacuum Pump (Pump Only)'),
('7009', '3', '5', '8', 'Electric Control Panel Box (Lighting Only)'),
('7010', '3', '5', '8', 'Generator (Lighting Only)'),
('7011', '3', '5', '8', 'Attachment / Tower (Lighting Only)'),
('7107', '3', '5', '8', 'Attachment (Lifting Only)'),
('7108', '3', '5', '8', 'Swing Machinery (Lifting Only)'),
('7109', '3', '5', '8', 'Rotary Joint (Lifting Only)'),
('7110', '3', '5', '8', 'Chain, Wire Rope & Hook (Lifting Only)'),
('7111', '3', '5', '8', 'Hydraulic Component (Lifting Only)'),
('7112', '3', '5', '8', 'Hydraulic Motor & Winch (Lifting Only)'),
('7663', '3', '4', '8', 'Rear Axle '),
('7664', '3', '4', '8', 'Front Axle'),
('7765', '3', '4', '8', 'Differential'),
('7766', '3', '4', '8', 'Final Drive'),
('7767', '3', '4', '8', 'Boggie and Suspension'),
('7768', '3', '4', '8', 'Alternator'),
('7769', '3', '4', '8', 'Starting Motor'),
('7770', '3', '4', '8', 'Air Compressor'),
('7771', '3', '4', '8', 'Steering Gearbox'),
('7772', '3', '4', '8', 'Transmission'),
('7773', '3', '4', '8', 'Pull Down Gearbox / Rotary Head (Drilling Only'),
('7774', '3', '4', '8', 'Hydraulic Motor (Drilling Only)'),
('7775', '3', '4', '8', 'Rock Drill (Drilling Only)'),
('7776', '3', '4', '8', 'Travel Motor and Travel Brake (Drilling Only)'),
('7321', '3', '4', '8', 'Vacuum Pump(Pump Only)'),
('7222', '3', '4', '8', 'Bare shaft(Pump Only)'),
('7324', '3', '4', '8', 'Generator(Lighting Only)'),
('7060', '3', '4', '8', 'Brake'),
('7061', '3', '4', '8', 'Hydraulic Motor'),
('7062', '3', '4', '8', 'Hydraulic Component'),
('7063', '3', '4', '8', 'Swing Machinery'),
('6064', '3', '4', '8', 'Steering Component'),
('7065', '3', '4', '8', 'Air & Brake Component'),
('8338', '3', '1', '9', 'Daily Check'),
('8339', '3', '1', '9', 'Periodical Service'),
('8340', '3', '1', '9', 'Inspection / Quick PM'),
('8718', '3', '2', '9', 'Engine'),
('8719', '3', '2', '9', 'Turbocharger'),
('8720', '3', '2', '9', 'Radiator & Cooling System'),
('8721', '3', '2', '9', 'Intercooler'),
('8722', '3', '2', '9', 'Fuel Pump'),
('8723', '3', '2', '9', 'Nozzle/Injector'),
('8724', '3', '2', '9', 'Alternator'),
('8725', '3', '2', '9', 'Starting Motor'),
('8726', '3', '2', '9', 'Water Pump'),
('8727', '3', '2', '9', 'Transmission'),
('8728', '3', '2', '9', 'Clutch'),
('8729', '3', '2', '9', 'Front Axle and Wheel'),
('8730', '3', '2', '9', 'Rear Axle and Wheel'),
('8731', '3', '2', '9', 'Steering Gearbox'),
('8732', '3', '2', '9', 'Steering Pump'),
('8733', '3', '2', '9', 'Steering Lingkage'),
('8734', '3', '2', '9', 'Air Compressor and Air Tank'),
('8735', '3', '2', '9', 'Brake Chamber'),
('8736', '3', '2', '9', 'Brake Valves'),
('8737', '3', '2', '9', 'Front Brake'),
('8738', '3', '2', '9', 'Rear Brake'),
('8739', '3', '2', '9', 'Cabin'),
('8740', '3', '2', '9', 'Electric Hamess'),
('8741', '3', '2', '9', 'Electric Component'),
('8742', '3', '2', '9', 'Boggie and Suspension'),
('8743', '3', '2', '9', 'Air Conditioner'),
('8744', '3', '2', '9', 'Auto lubrication Vogel'),
('8745', '3', '2', '9', 'Hydraulic Pump / PTO'),
('8746', '3', '2', '9', 'Propeller Shaft & U-Joint'),
('8341', '3', '2', '9', 'Fifth Wheel (Scania Only)'),
('8342', '3', '2', '9', 'Propeller Shaft & U-Joint'),
('8343', '3', '2', '9', 'HEUI Pump (Drilling Only)'),
('8344', '3', '2', '9', 'Butterfly Valve (Drilling Only)'),
('8345', '3', '2', '9', 'Poppet Valve (Drilling Only)'),
('8346', '3', '2', '9', 'Hydraulic Control Valves(Drilling Only)'),
('8347', '3', '2', '9', 'Hydraulic Motor Rotary Head(Drilling Only)'),
('8348', '3', '2', '9', 'Oil Cooler(Drilling Only)'),
('8349', '3', '2', '9', 'Rock Drill(Drilling Only)'),
('8340', '3', '2', '9', 'Down Hole(Drilling Only)'),
('8312', '3', '2', '9', 'Fan Motor(Drilling Only)'),
('8313', '3', '2', '9', 'Travel Motor and Travel Brake (Drilling Only)'),
('8314', '3', '2', '9', 'Pull Down Gearbox(Drilling Only)'),
('8315', '3', '2', '9', 'GET(Drilling Only)'),
('8316', '3', '2', '9', 'Under Carriage Assy(Drilling Only)'),
('8317', '3', '2', '9', 'Track Adjuster(Drilling Only)'),
('8318', '3', '2', '9', 'Fire Suspression(Drilling Only)'),
('8319', '3', '2', '9', 'Engine/Motor(Pump Only)'),
('8320', '3', '2', '9', 'Canopy & Ponton(Pump Only)'),
('8321', '3', '2', '9', 'Vacuum Pump(Pump Only)'),
('8222', '3', '2', '9', 'Bare shaft(Pump Only)'),
('8322', '3', '2', '9', 'Canopy & Skidding(Lighting Only)'),
('8324', '3', '2', '9', 'Generator(Lighting Only)'),
('8323', '3', '2', '9', 'Hydraulic Component(Lifting Only)'),
('8256', '3', '2', '9', 'Attachment(Lifting Only)'),
('8326', '3', '2', '9', 'Swing Machinery(Lifting Only)'),
('8327', '3', '2', '9', 'Rotary Joint(Lifting Only)'),
('8328', '3', '2', '9', 'Differential(Lifting Only)'),
('8328', '3', '2', '9', 'Hydraulic Motor & Winch(Lifting Only)'),
('8756', '3', '3', '9', 'Engine'),
('8766', '3', '3', '9', 'Transmission'),
('8776', '3', '3', '9', 'Differential'),
('8786', '3', '3', '9', 'Hydraulic'),
('8796', '3', '3', '9', 'Steering System'),
('8806', '3', '3', '9', 'Brake System'),
('8816', '3', '3', '9', 'Electric System'),
('8826', '3', '3', '9', 'Air Conditioner'),
('8836', '3', '3', '9', 'Air System'),
('8846', '3', '3', '9', 'PPM'),
('8856', '3', '3', '9', 'PAP'),
('8646', '2', '3', '9', 'PPU (Drilling Only)'),
('8318', '3', '3', '9', 'Fire Suspression(Drilling Only)'),
('8612', '3', '3', '9', 'Auto lubrication Vogel (Drilling Only)'),
('8691', '3', '3', '9', 'Transmission  & Clutch (Pump Only)'),
('8321', '3', '3', '9', 'Vacuum Pump(Pump Only)'),
('8979', '3', '3', '9', 'Generator System(Lighting Only)'),
('8321', '3', '3', '9', 'Power Train(Lifting Only)'),
('8686', '3', '5', '9', 'Engine'),
('8687', '3', '5', '9', 'Adjust Valve'),
('8688', '3', '5', '9', 'Alternator'),
('8689', '3', '5', '9', 'Starting Motor'),
('8690', '3', '5', '9', 'Turbocharger'),
('8691', '3', '5', '9', 'Air Compressor & Air Tank'),
('8692', '3', '5', '9', 'Radiator & cooling system'),
('8693', '3', '5', '9', 'Intercooler'),
('8694', '3', '5', '9', 'Fuel Pump'),
('8695', '3', '5', '9', 'Nozzle/Injector'),
('8696', '3', '5', '9', 'Transmission'),
('8697', '3', '5', '9', 'Clutch'),
('8698', '3', '5', '9', 'Front Axle and Wheel'),
('8699', '3', '5', '9', 'Rear Axle and Wheel'),
('8700', '3', '5', '9', 'Steering Gearbox'),
('8701', '3', '5', '9', 'Steering Pump'),
('8702', '3', '5', '9', 'Steering Lingkage'),
('8703', '3', '5', '9', 'Brake Chamber'),
('8704', '3', '5', '9', 'Brake Valves'),
('8705', '3', '5', '9', 'Front Brake'),
('8706', '3', '5', '9', 'Rear Brake'),
('8707', '3', '5', '9', 'Cabin'),
('8708', '3', '5', '9', 'Electric Hamess'),
('8709', '3', '5', '9', 'Electric Component'),
('8710', '3', '5', '9', 'Boggie and Suspension'),
('8711', '3', '5', '9', 'Air Conditioner'),
('8712', '3', '5', '9', 'Auto lubrication Vogel'),
('8713', '3', '5', '9', 'Hydraulic Pump / PTO'),
('8714', '3', '5', '9', 'Fifth Wheel'),
('8819', '3', '5', '9', 'Fifth Wheel'),
('8820', '3', '5', '9', 'HUEI Pump(Drilling Only)'),
('8821', '3', '5', '9', 'Air Control Valve Drilling (Drilling Only)'),
('8822', '3', '5', '9', 'Hydraulic Pump (Drilling Only)'),
('8823', '3', '5', '9', 'Hydraulic Control Valve (Drilling Only)'),
('8824', '3', '5', '9', 'Hydraulic Motor Rotary Head (Drilling Only)'),
('8825', '3', '5', '9', 'Rock Drill (Drilling Only)'),
('8826', '3', '5', '9', 'Rotary Head (Drilling Only)'),
('8827', '3', '5', '9', 'Down Hole Drill (Drilling Only)'),
('8828', '3', '5', '9', 'Fan Motor (Drilling Only)'),
('8829', '3', '5', '9', 'Pull Down Gear Box (Drilling Only)'),
('8830', '3', '5', '9', 'Track Adjuster (Drilling Only)'),
('8831', '3', '5', '9', 'Propeller Shaft & U-Joint (Drilling Only)'),
('8922', '3', '5', '9', 'Vacuum Pump (Pump Only)'),
('8009', '3', '5', '9', 'Electric Control Panel Box (Lighting Only)'),
('8010', '3', '5', '9', 'Generator (Lighting Only)'),
('8011', '3', '5', '9', 'Attachment / Tower (Lighting Only)'),
('8107', '3', '5', '9', 'Attachment (Lifting Only)'),
('8108', '3', '5', '9', 'Swing Machinery (Lifting Only)'),
('8109', '3', '5', '9', 'Rotary Joint (Lifting Only)'),
('8110', '3', '5', '9', 'Chain, Wire Rope & Hook (Lifting Only)'),
('8111', '3', '5', '9', 'Hydraulic Component (Lifting Only)'),
('8112', '3', '5', '9', 'Hydraulic Motor & Winch (Lifting Only)'),
('8663', '3', '4', '9', 'Rear Axle '),
('8664', '3', '4', '9', 'Front Axle'),
('8765', '3', '4', '9', 'Differential'),
('8766', '3', '4', '9', 'Final Drive'),
('8767', '3', '4', '9', 'Boggie and Suspension'),
('8768', '3', '4', '9', 'Alternator'),
('8769', '3', '4', '9', 'Starting Motor'),
('8770', '3', '4', '9', 'Air Compressor'),
('8771', '3', '4', '9', 'Steering Gearbox'),
('8772', '3', '4', '9', 'Transmission'),
('8773', '3', '4', '9', 'Pull Down Gearbox / Rotary Head (Drilling Only'),
('8774', '3', '4', '9', 'Hydraulic Motor (Drilling Only)'),
('8775', '3', '4', '9', 'Rock Drill (Drilling Only)'),
('8776', '3', '4', '9', 'Travel Motor and Travel Brake (Drilling Only)'),
('8321', '3', '4', '9', 'Vacuum Pump(Pump Only)'),
('8222', '3', '4', '9', 'Bare shaft(Pump Only)'),
('8324', '3', '4', '9', 'Generator(Lighting Only)'),
('8060', '3', '4', '9', 'Brake'),
('8061', '3', '4', '9', 'Hydraulic Motor'),
('8062', '3', '4', '9', 'Hydraulic Component'),
('8063', '3', '4', '9', 'Swing Machinery'),
('8064', '3', '4', '9', 'Steering Component'),
('8065', '3', '4', '9', 'Air & Brake Component'),
('9338', '3', '1', '10', 'Daily Check'),
('9339', '3', '1', '10', 'Periodical Service'),
('9340', '3', '1', '10', 'Inspection / Quick PM'),
('9718', '3', '2', '10', 'Engine'),
('9719', '3', '2', '10', 'Turbocharger'),
('9720', '3', '2', '10', 'Radiator & Cooling System');
INSERT INTO `job_detail` (`id_jobdetail`, `id_section`, `id_job`, `id_sub`, `nama_detail`) VALUES
('9721', '3', '2', '10', 'Intercooler'),
('9722', '3', '2', '10', 'Fuel Pump'),
('9723', '3', '2', '10', 'Nozzle/Injector'),
('9724', '3', '2', '10', 'Alternator'),
('9725', '3', '2', '10', 'Starting Motor'),
('9726', '3', '2', '10', 'Water Pump'),
('9727', '3', '2', '10', 'Transmission'),
('9728', '3', '2', '10', 'Clutch'),
('9729', '3', '2', '10', 'Front Axle and Wheel'),
('9730', '3', '2', '10', 'Rear Axle and Wheel'),
('9731', '3', '2', '10', 'Steering Gearbox'),
('9732', '3', '2', '10', 'Steering Pump'),
('9733', '3', '2', '10', 'Steering Lingkage'),
('9734', '3', '2', '10', 'Air Compressor and Air Tank'),
('9735', '3', '2', '10', 'Brake Chamber'),
('9736', '3', '2', '10', 'Brake Valves'),
('9737', '3', '2', '10', 'Front Brake'),
('9738', '3', '2', '10', 'Rear Brake'),
('9739', '3', '2', '10', 'Cabin'),
('9740', '3', '2', '10', 'Electric Hamess'),
('9741', '3', '2', '10', 'Electric Component'),
('9742', '3', '2', '10', 'Boggie and Suspension'),
('9743', '3', '2', '10', 'Air Conditioner'),
('9744', '3', '2', '10', 'Auto lubrication Vogel'),
('9745', '3', '2', '10', 'Hydraulic Pump / PTO'),
('9746', '3', '2', '10', 'Propeller Shaft & U-Joint'),
('9341', '3', '2', '10', 'Fifth Wheel (Scania Only)'),
('96342', '3', '2', '10', 'Propeller Shaft & U-Joint'),
('9343', '3', '2', '10', 'HEUI Pump (Drilling Only)'),
('9344', '3', '2', '10', 'Butterfly Valve (Drilling Only)'),
('9345', '3', '2', '10', 'Poppet Valve (Drilling Only)'),
('9346', '3', '2', '10', 'Hydraulic Control Valves(Drilling Only)'),
('9347', '3', '2', '10', 'Hydraulic Motor Rotary Head(Drilling Only)'),
('9348', '3', '2', '10', 'Oil Cooler(Drilling Only)'),
('9349', '3', '2', '10', 'Rock Drill(Drilling Only)'),
('9340', '3', '2', '10', 'Down Hole(Drilling Only)'),
('9312', '3', '2', '10', 'Fan Motor(Drilling Only)'),
('9313', '3', '2', '10', 'Travel Motor and Travel Brake (Drilling Only)'),
('9314', '3', '2', '10', 'Pull Down Gearbox(Drilling Only)'),
('9315', '3', '2', '10', 'GET(Drilling Only)'),
('9316', '3', '2', '10', 'Under Carriage Assy(Drilling Only)'),
('9317', '3', '2', '10', 'Track Adjuster(Drilling Only)'),
('9318', '3', '2', '10', 'Fire Suspression(Drilling Only)'),
('9319', '3', '2', '10', 'Engine/Motor(Pump Only)'),
('9320', '3', '2', '10', 'Canopy & Ponton(Pump Only)'),
('9321', '3', '2', '10', 'Vacuum Pump(Pump Only)'),
('9222', '3', '2', '10', 'Bare shaft(Pump Only)'),
('9322', '3', '2', '10', 'Canopy & Skidding(Lighting Only)'),
('9324', '3', '2', '10', 'Generator(Lighting Only)'),
('9323', '3', '2', '10', 'Hydraulic Component(Lifting Only)'),
('9256', '3', '2', '10', 'Attachment(Lifting Only)'),
('9326', '3', '2', '10', 'Swing Machinery(Lifting Only)'),
('9327', '3', '2', '10', 'Rotary Joint(Lifting Only)'),
('9328', '3', '2', '10', 'Differential(Lifting Only)'),
('9328', '3', '2', '10', 'Hydraulic Motor & Winch(Lifting Only)'),
('9756', '3', '3', '10', 'Engine'),
('9766', '3', '3', '10', 'Transmission'),
('9776', '3', '3', '10', 'Differential'),
('9786', '3', '3', '10', 'Hydraulic'),
('9796', '3', '3', '10', 'Steering System'),
('9806', '3', '3', '10', 'Brake System'),
('9816', '3', '3', '10', 'Electric System'),
('9826', '3', '3', '10', 'Air Conditioner'),
('9836', '3', '3', '10', 'Air System'),
('9846', '3', '3', '10', 'PPM'),
('9856', '3', '3', '10', 'PAP'),
('9646', '2', '3', '10', 'PPU (Drilling Only)'),
('9318', '3', '3', '10', 'Fire Suspression(Drilling Only)'),
('9612', '3', '3', '10', 'Auto lubrication Vogel (Drilling Only)'),
('9691', '3', '3', '10', 'Transmission  & Clutch (Pump Only)'),
('9321', '3', '3', '10', 'Vacuum Pump(Pump Only)'),
('9979', '3', '3', '10', 'Generator System(Lighting Only)'),
('9321', '3', '3', '10', 'Power Train(Lifting Only)'),
('9686', '3', '5', '10', 'Engine'),
('9687', '3', '5', '10', 'Adjust Valve'),
('9688', '3', '5', '10', 'Alternator'),
('9689', '3', '5', '10', 'Starting Motor'),
('9690', '3', '5', '10', 'Turbocharger'),
('9691', '3', '5', '10', 'Air Compressor & Air Tank'),
('9692', '3', '5', '10', 'Radiator & cooling system'),
('9693', '3', '5', '10', 'Intercooler'),
('9694', '3', '5', '10', 'Fuel Pump'),
('9695', '3', '5', '10', 'Nozzle/Injector'),
('9696', '3', '5', '10', 'Transmission'),
('9697', '3', '5', '10', 'Clutch'),
('9998', '3', '5', '10', 'Front Axle and Wheel'),
('9699', '3', '5', '10', 'Rear Axle and Wheel'),
('9700', '3', '5', '10', 'Steering Gearbox'),
('9701', '3', '5', '10', 'Steering Pump'),
('9702', '3', '5', '10', 'Steering Lingkage'),
('9703', '3', '5', '10', 'Brake Chamber'),
('9704', '3', '5', '10', 'Brake Valves'),
('9705', '3', '5', '10', 'Front Brake'),
('9706', '3', '5', '10', 'Rear Brake'),
('9707', '3', '5', '10', 'Cabin'),
('9708', '3', '5', '10', 'Electric Hamess'),
('9709', '3', '5', '10', 'Electric Component'),
('9710', '3', '5', '10', 'Boggie and Suspension'),
('9711', '3', '5', '10', 'Air Conditioner'),
('9712', '3', '5', '10', 'Auto lubrication Vogel'),
('9713', '3', '5', '10', 'Hydraulic Pump / PTO'),
('9714', '3', '5', '10', 'Fifth Wheel'),
('9819', '3', '5', '10', 'Fifth Wheel'),
('9820', '3', '5', '10', 'HUEI Pump(Drilling Only)'),
('9821', '3', '5', '10', 'Air Control Valve Drilling (Drilling Only)'),
('9822', '3', '5', '10', 'Hydraulic Pump (Drilling Only)'),
('9823', '3', '5', '10', 'Hydraulic Control Valve (Drilling Only)'),
('9824', '3', '5', '10', 'Hydraulic Motor Rotary Head (Drilling Only)'),
('9825', '3', '5', '10', 'Rock Drill (Drilling Only)'),
('9826', '3', '5', '10', 'Rotary Head (Drilling Only)'),
('9827', '3', '5', '10', 'Down Hole Drill (Drilling Only)'),
('9828', '3', '5', '10', 'Fan Motor (Drilling Only)'),
('9829', '3', '5', '10', 'Pull Down Gear Box (Drilling Only)'),
('9830', '3', '5', '10', 'Track Adjuster (Drilling Only)'),
('9831', '3', '5', '10', 'Propeller Shaft & U-Joint (Drilling Only)'),
('9922', '3', '5', '10', 'Vacuum Pump (Pump Only)'),
('9009', '3', '5', '10', 'Electric Control Panel Box (Lighting Only)'),
('9010', '3', '5', '10', 'Generator (Lighting Only)'),
('9011', '3', '5', '10', 'Attachment / Tower (Lighting Only)'),
('9107', '3', '5', '10', 'Attachment (Lifting Only)'),
('9108', '3', '5', '10', 'Swing Machinery (Lifting Only)'),
('9109', '3', '5', '10', 'Rotary Joint (Lifting Only)'),
('9110', '3', '5', '10', 'Chain, Wire Rope & Hook (Lifting Only)'),
('9111', '3', '5', '10', 'Hydraulic Component (Lifting Only)'),
('9112', '3', '5', '10', 'Hydraulic Motor & Winch (Lifting Only)'),
('9663', '3', '4', '10', 'Rear Axle '),
('9664', '3', '4', '10', 'Front Axle'),
('9765', '3', '4', '10', 'Differential'),
('9766', '3', '4', '10', 'Final Drive'),
('9767', '3', '4', '10', 'Boggie and Suspension'),
('9768', '3', '4', '10', 'Alternator'),
('9769', '3', '4', '10', 'Starting Motor'),
('9770', '3', '4', '10', 'Air Compressor'),
('9771', '3', '4', '10', 'Steering Gearbox'),
('9772', '3', '4', '10', 'Transmission'),
('9773', '3', '4', '10', 'Pull Down Gearbox / Rotary Head (Drilling Only'),
('9774', '3', '4', '10', 'Hydraulic Motor (Drilling Only)'),
('9775', '3', '4', '10', 'Rock Drill (Drilling Only)'),
('9776', '3', '4', '10', 'Travel Motor and Travel Brake (Drilling Only)'),
('9321', '3', '4', '10', 'Vacuum Pump(Pump Only)'),
('9222', '3', '4', '10', 'Bare shaft(Pump Only)'),
('9324', '3', '4', '10', 'Generator(Lighting Only)'),
('9060', '3', '4', '10', 'Brake'),
('9061', '3', '4', '10', 'Hydraulic Motor'),
('9062', '3', '4', '10', 'Hydraulic Component'),
('9063', '3', '4', '10', 'Swing Machinery'),
('9064', '3', '4', '10', 'Steering Component'),
('9065', '3', '4', '10', 'Air & Brake Component'),
('5338', '3', '1', '11', 'Daily Check'),
('5339', '3', '1', '11', 'Periodical Service'),
('5340', '3', '1', '11', 'Inspection / Quick PM'),
('5718', '3', '2', '11', 'Engine'),
('5719', '3', '2', '11', 'Turbocharger'),
('5720', '3', '2', '11', 'Radiator & Cooling System'),
('5721', '3', '2', '11', 'Intercooler'),
('5722', '3', '2', '11', 'Fuel Pump'),
('5723', '3', '2', '11', 'Nozzle/Injector'),
('5724', '3', '2', '11', 'Alternator'),
('5725', '3', '2', '11', 'Starting Motor'),
('5726', '3', '2', '11', 'Water Pump'),
('5727', '3', '2', '11', 'Transmission'),
('5728', '3', '2', '11', 'Clutch'),
('5729', '3', '2', '11', 'Front Axle and Wheel'),
('5730', '3', '2', '11', 'Rear Axle and Wheel'),
('5731', '3', '2', '11', 'Steering Gearbox'),
('5732', '3', '2', '11', 'Steering Pump'),
('5733', '3', '2', '11', 'Steering Lingkage'),
('5734', '3', '2', '11', 'Air Compressor and Air Tank'),
('5735', '3', '2', '11', 'Brake Chamber'),
('5736', '3', '2', '11', 'Brake Valves'),
('5737', '3', '2', '11', 'Front Brake'),
('5738', '3', '2', '11', 'Rear Brake'),
('5739', '3', '2', '11', 'Cabin'),
('5740', '3', '2', '11', 'Electric Hamess'),
('5741', '3', '2', '11', 'Electric Component'),
('5742', '3', '2', '11', 'Boggie and Suspension'),
('5743', '3', '2', '11', 'Air Conditioner'),
('5744', '3', '2', '11', 'Auto lubrication Vogel'),
('5745', '3', '2', '11', 'Hydraulic Pump / PTO'),
('5746', '3', '2', '11', 'Propeller Shaft & U-Joint'),
('5341', '3', '2', '11', 'Fifth Wheel (Scania Only)'),
('5342', '3', '2', '11', 'Propeller Shaft & U-Joint'),
('5343', '3', '2', '11', 'HEUI Pump (Drilling Only)'),
('5344', '3', '2', '11', 'Butterfly Valve (Drilling Only)'),
('5345', '3', '2', '11', 'Poppet Valve (Drilling Only)'),
('5346', '3', '2', '11', 'Hydraulic Control Valves(Drilling Only)'),
('5347', '3', '2', '11', 'Hydraulic Motor Rotary Head(Drilling Only)'),
('5348', '3', '2', '11', 'Oil Cooler(Drilling Only)'),
('5349', '3', '2', '11', 'Rock Drill(Drilling Only)'),
('5340', '3', '2', '11', 'Down Hole(Drilling Only)'),
('5312', '3', '2', '11', 'Fan Motor(Drilling Only)'),
('5313', '3', '2', '11', 'Travel Motor and Travel Brake (Drilling Only)'),
('5314', '3', '2', '11', 'Pull Down Gearbox(Drilling Only)'),
('5315', '3', '2', '11', 'GET(Drilling Only)'),
('5316', '3', '2', '11', 'Under Carriage Assy(Drilling Only)'),
('5317', '3', '2', '11', 'Track Adjuster(Drilling Only)'),
('5318', '3', '2', '11', 'Fire Suspression(Drilling Only)'),
('5319', '3', '2', '11', 'Engine/Motor(Pump Only)'),
('5320', '3', '2', '11', 'Canopy & Ponton(Pump Only)'),
('5321', '3', '2', '11', 'Vacuum Pump(Pump Only)'),
('5222', '3', '2', '11', 'Bare shaft(Pump Only)'),
('5322', '3', '2', '11', 'Canopy & Skidding(Lighting Only)'),
('5324', '3', '2', '11', 'Generator(Lighting Only)'),
('5323', '3', '2', '11', 'Hydraulic Component(Lifting Only)'),
('5256', '3', '2', '11', 'Attachment(Lifting Only)'),
('5326', '3', '2', '11', 'Swing Machinery(Lifting Only)'),
('5327', '3', '2', '11', 'Rotary Joint(Lifting Only)'),
('5328', '3', '2', '11', 'Differential(Lifting Only)'),
('5328', '3', '2', '11', 'Hydraulic Motor & Winch(Lifting Only)'),
('5756', '3', '3', '11', 'Engine'),
('5766', '3', '3', '11', 'Transmission'),
('5776', '3', '3', '11', 'Differential'),
('5786', '3', '3', '11', 'Hydraulic'),
('5796', '3', '3', '11', 'Steering System'),
('5806', '3', '3', '11', 'Brake System'),
('5816', '3', '3', '11', 'Electric System'),
('5826', '3', '3', '11', 'Air Conditioner'),
('5836', '3', '3', '11', 'Air System'),
('5846', '3', '3', '11', 'PPM'),
('5856', '3', '3', '11', 'PAP'),
('5646', '2', '3', '11', 'PPU (Drilling Only)'),
('5318', '3', '3', '11', 'Fire Suspression(Drilling Only)'),
('5612', '3', '3', '11', 'Auto lubrication Vogel (Drilling Only)'),
('5691', '3', '3', '11', 'Transmission  & Clutch (Pump Only)'),
('5321', '3', '3', '11', 'Vacuum Pump(Pump Only)'),
('5979', '3', '3', '11', 'Generator System(Lighting Only)'),
('5321', '3', '3', '11', 'Power Train(Lifting Only)'),
('5686', '3', '5', '11', 'Engine'),
('5687', '3', '5', '11', 'Adjust Valve'),
('5688', '3', '5', '11', 'Alternator'),
('5689', '3', '5', '11', 'Starting Motor'),
('5690', '3', '5', '11', 'Turbocharger'),
('5691', '3', '5', '11', 'Air Compressor & Air Tank'),
('5692', '3', '5', '11', 'Radiator & cooling system'),
('5693', '3', '5', '11', 'Intercooler'),
('5694', '3', '5', '11', 'Fuel Pump'),
('5695', '3', '5', '11', 'Nozzle/Injector'),
('5696', '3', '5', '11', 'Transmission'),
('5697', '3', '5', '11', 'Clutch'),
('5698', '3', '5', '11', 'Front Axle and Wheel'),
('5699', '3', '5', '11', 'Rear Axle and Wheel'),
('5700', '3', '5', '11', 'Steering Gearbox'),
('5701', '3', '5', '11', 'Steering Pump'),
('5702', '3', '5', '11', 'Steering Lingkage'),
('5703', '3', '5', '11', 'Brake Chamber'),
('5704', '3', '5', '11', 'Brake Valves'),
('5705', '3', '5', '11', 'Front Brake'),
('5706', '3', '5', '11', 'Rear Brake'),
('5707', '3', '5', '11', 'Cabin'),
('5708', '3', '5', '11', 'Electric Hamess'),
('5709', '3', '5', '11', 'Electric Component'),
('5710', '3', '5', '11', 'Boggie and Suspension'),
('5711', '3', '5', '11', 'Air Conditioner'),
('5712', '3', '5', '11', 'Auto lubrication Vogel'),
('5713', '3', '5', '11', 'Hydraulic Pump / PTO'),
('5714', '3', '5', '11', 'Fifth Wheel'),
('5819', '3', '5', '11', 'Fifth Wheel'),
('5820', '3', '5', '11', 'HUEI Pump(Drilling Only)'),
('5821', '3', '5', '11', 'Air Control Valve Drilling (Drilling Only)'),
('5822', '3', '5', '11', 'Hydraulic Pump (Drilling Only)'),
('5823', '3', '5', '11', 'Hydraulic Control Valve (Drilling Only)'),
('5824', '3', '5', '11', 'Hydraulic Motor Rotary Head (Drilling Only)'),
('5825', '3', '5', '11', 'Rock Drill (Drilling Only)'),
('5826', '3', '5', '11', 'Rotary Head (Drilling Only)'),
('5827', '3', '5', '11', 'Down Hole Drill (Drilling Only)'),
('5828', '3', '5', '11', 'Fan Motor (Drilling Only)'),
('5829', '3', '5', '11', 'Pull Down Gear Box (Drilling Only)'),
('5830', '3', '5', '11', 'Track Adjuster (Drilling Only)'),
('5831', '3', '5', '11', 'Propeller Shaft & U-Joint (Drilling Only)'),
('5922', '3', '5', '11', 'Vacuum Pump (Pump Only)'),
('5009', '3', '5', '11', 'Electric Control Panel Box (Lighting Only)'),
('5010', '3', '5', '11', 'Generator (Lighting Only)'),
('5011', '3', '5', '11', 'Attachment / Tower (Lighting Only)'),
('5107', '3', '5', '11', 'Attachment (Lifting Only)'),
('5108', '3', '5', '11', 'Swing Machinery (Lifting Only)'),
('5109', '3', '5', '11', 'Rotary Joint (Lifting Only)'),
('5110', '3', '5', '11', 'Chain, Wire Rope & Hook (Lifting Only)'),
('5111', '3', '5', '11', 'Hydraulic Component (Lifting Only)'),
('5112', '3', '5', '11', 'Hydraulic Motor & Winch (Lifting Only)'),
('5663', '3', '4', '11', 'Rear Axle '),
('5664', '3', '4', '11', 'Front Axle'),
('5765', '3', '4', '11', 'Differential'),
('5766', '3', '4', '11', 'Final Drive'),
('5767', '3', '4', '11', 'Boggie and Suspension'),
('5768', '3', '4', '11', 'Alternator'),
('5769', '3', '4', '11', 'Starting Motor'),
('5770', '3', '4', '11', 'Air Compressor'),
('5771', '3', '4', '11', 'Steering Gearbox'),
('5772', '3', '4', '11', 'Transmission'),
('5773', '3', '4', '11', 'Pull Down Gearbox / Rotary Head (Drilling Only'),
('5774', '3', '4', '11', 'Hydraulic Motor (Drilling Only)'),
('5775', '3', '4', '11', 'Rock Drill (Drilling Only)'),
('5776', '3', '4', '11', 'Travel Motor and Travel Brake (Drilling Only)'),
('5321', '3', '4', '11', 'Vacuum Pump(Pump Only)'),
('5222', '3', '4', '11', 'Bare shaft(Pump Only)'),
('5324', '3', '4', '11', 'Generator(Lighting Only)'),
('5060', '3', '4', '11', 'Brake'),
('5061', '3', '4', '11', 'Hydraulic Motor'),
('5062', '3', '4', '11', 'Hydraulic Component'),
('5063', '3', '4', '11', 'Swing Machinery'),
('5064', '3', '4', '11', 'Steering Component'),
('5065', '3', '4', '11', 'Air & Brake Component'),
('4338', '3', '1', '12', 'Daily Check'),
('4339', '3', '1', '12', 'Periodical Service'),
('4340', '3', '1', '12', 'Inspection / Quick PM'),
('4718', '3', '2', '12', 'Engine'),
('4719', '3', '2', '12', 'Turbocharger'),
('4720', '3', '2', '12', 'Radiator & Cooling System'),
('4721', '3', '2', '12', 'Intercooler'),
('4722', '3', '2', '12', 'Fuel Pump'),
('4723', '3', '2', '12', 'Nozzle/Injector'),
('4724', '3', '2', '12', 'Alternator'),
('4725', '3', '2', '12', 'Starting Motor'),
('4726', '3', '2', '12', 'Water Pump'),
('4727', '3', '2', '12', 'Transmission'),
('4728', '3', '2', '12', 'Clutch'),
('4729', '3', '2', '12', 'Front Axle and Wheel'),
('4730', '3', '2', '12', 'Rear Axle and Wheel'),
('4731', '3', '2', '12', 'Steering Gearbox'),
('4732', '3', '2', '12', 'Steering Pump'),
('4733', '3', '2', '12', 'Steering Lingkage'),
('4734', '3', '2', '12', 'Air Compressor and Air Tank'),
('4735', '3', '2', '12', 'Brake Chamber'),
('4736', '3', '2', '12', 'Brake Valves'),
('4737', '3', '2', '12', 'Front Brake'),
('4738', '3', '2', '12', 'Rear Brake'),
('4739', '3', '2', '12', 'Cabin'),
('4740', '3', '2', '12', 'Electric Hamess'),
('4741', '3', '2', '12', 'Electric Component'),
('4742', '3', '2', '12', 'Boggie and Suspension'),
('4743', '3', '2', '12', 'Air Conditioner'),
('4744', '3', '2', '12', 'Auto lubrication Vogel'),
('4745', '3', '2', '12', 'Hydraulic Pump / PTO'),
('4746', '3', '2', '12', 'Propeller Shaft & U-Joint'),
('4341', '3', '2', '12', 'Fifth Wheel (Scania Only)'),
('4342', '3', '2', '12', 'Propeller Shaft & U-Joint'),
('4343', '3', '2', '12', 'HEUI Pump (Drilling Only)'),
('4344', '3', '2', '12', 'Butterfly Valve (Drilling Only)'),
('4345', '3', '2', '12', 'Poppet Valve (Drilling Only)'),
('4346', '3', '2', '12', 'Hydraulic Control Valves(Drilling Only)'),
('4347', '3', '2', '12', 'Hydraulic Motor Rotary Head(Drilling Only)'),
('4348', '3', '2', '12', 'Oil Cooler(Drilling Only)'),
('4349', '3', '2', '12', 'Rock Drill(Drilling Only)'),
('4340', '3', '2', '12', 'Down Hole(Drilling Only)'),
('4312', '3', '2', '12', 'Fan Motor(Drilling Only)'),
('4313', '3', '2', '12', 'Travel Motor and Travel Brake (Drilling Only)'),
('4314', '3', '2', '12', 'Pull Down Gearbox(Drilling Only)'),
('4315', '3', '2', '12', 'GET(Drilling Only)'),
('4316', '3', '2', '12', 'Under Carriage Assy(Drilling Only)'),
('4317', '3', '2', '12', 'Track Adjuster(Drilling Only)'),
('4318', '3', '2', '12', 'Fire Suspression(Drilling Only)'),
('4319', '3', '2', '12', 'Engine/Motor(Pump Only)'),
('4320', '3', '2', '12', 'Canopy & Ponton(Pump Only)'),
('4321', '3', '2', '12', 'Vacuum Pump(Pump Only)'),
('4222', '3', '2', '12', 'Bare shaft(Pump Only)'),
('4322', '3', '2', '12', 'Canopy & Skidding(Lighting Only)'),
('4324', '3', '2', '12', 'Generator(Lighting Only)'),
('4323', '3', '2', '12', 'Hydraulic Component(Lifting Only)'),
('4256', '3', '2', '12', 'Attachment(Lifting Only)'),
('4326', '3', '2', '12', 'Swing Machinery(Lifting Only)'),
('4327', '3', '2', '12', 'Rotary Joint(Lifting Only)'),
('4328', '3', '2', '12', 'Differential(Lifting Only)'),
('4328', '3', '2', '12', 'Hydraulic Motor & Winch(Lifting Only)'),
('4756', '3', '3', '12', 'Engine'),
('4766', '3', '3', '12', 'Transmission'),
('4776', '3', '3', '12', 'Differential'),
('4786', '3', '3', '12', 'Hydraulic'),
('4796', '3', '3', '12', 'Steering System'),
('4806', '3', '3', '12', 'Brake System'),
('4816', '3', '3', '12', 'Electric System'),
('4826', '3', '3', '12', 'Air Conditioner'),
('4836', '3', '3', '12', 'Air System'),
('4846', '3', '3', '12', 'PPM'),
('4856', '3', '3', '12', 'PAP'),
('4646', '2', '3', '12', 'PPU (Drilling Only)'),
('4318', '3', '3', '12', 'Fire Suspression(Drilling Only)'),
('4612', '3', '3', '12', 'Auto lubrication Vogel (Drilling Only)'),
('4691', '3', '3', '12', 'Transmission  & Clutch (Pump Only)'),
('4321', '3', '3', '12', 'Vacuum Pump(Pump Only)'),
('4979', '3', '3', '12', 'Generator System(Lighting Only)'),
('4321', '3', '3', '12', 'Power Train(Lifting Only)'),
('4686', '3', '4', '12', 'Engine'),
('4687', '3', '4', '12', 'Adjust Valve'),
('4688', '3', '4', '12', 'Alternator'),
('4689', '3', '4', '12', 'Starting Motor'),
('4690', '3', '4', '12', 'Turbocharger'),
('4691', '3', '4', '12', 'Air Compressor & Air Tank'),
('4692', '3', '4', '12', 'Radiator & cooling system'),
('4693', '3', '4', '12', 'Intercooler'),
('4694', '3', '4', '12', 'Fuel Pump'),
('4695', '3', '4', '12', 'Nozzle/Injector'),
('4696', '3', '4', '12', 'Transmission'),
('4697', '3', '4', '12', 'Clutch'),
('4698', '3', '4', '12', 'Front Axle and Wheel'),
('4699', '3', '4', '12', 'Rear Axle and Wheel'),
('4700', '3', '4', '12', 'Steering Gearbox'),
('4701', '3', '4', '12', 'Steering Pump'),
('4702', '3', '4', '12', 'Steering Lingkage'),
('4703', '3', '4', '12', 'Brake Chamber'),
('4704', '3', '4', '12', 'Brake Valves'),
('4705', '3', '4', '12', 'Front Brake'),
('4706', '3', '4', '12', 'Rear Brake'),
('4707', '3', '4', '12', 'Cabin'),
('4708', '3', '4', '12', 'Electric Hamess'),
('4709', '3', '4', '12', 'Electric Component'),
('4710', '3', '4', '12', 'Boggie and Suspension'),
('4712', '3', '4', '12', 'Air Conditioner'),
('4712', '3', '4', '12', 'Auto lubrication Vogel'),
('4713', '3', '4', '12', 'Hydraulic Pump / PTO'),
('4714', '3', '4', '12', 'Fifth Wheel'),
('4819', '3', '4', '12', 'Fifth Wheel'),
('4820', '3', '4', '12', 'HUEI Pump(Drilling Only)'),
('4821', '3', '4', '12', 'Air Control Valve Drilling (Drilling Only)'),
('4822', '3', '4', '12', 'Hydraulic Pump (Drilling Only)'),
('4823', '3', '4', '12', 'Hydraulic Control Valve (Drilling Only)'),
('4824', '3', '4', '12', 'Hydraulic Motor Rotary Head (Drilling Only)'),
('4825', '3', '4', '12', 'Rock Drill (Drilling Only)'),
('4826', '3', '4', '12', 'Rotary Head (Drilling Only)'),
('4827', '3', '4', '12', 'Down Hole Drill (Drilling Only)'),
('4828', '3', '4', '12', 'Fan Motor (Drilling Only)'),
('4829', '3', '4', '12', 'Pull Down Gear Box (Drilling Only)'),
('4830', '3', '4', '12', 'Track Adjuster (Drilling Only)'),
('4831', '3', '4', '12', 'Propeller Shaft & U-Joint (Drilling Only)'),
('4922', '3', '4', '12', 'Vacuum Pump (Pump Only)'),
('4009', '3', '4', '12', 'Electric Control Panel Box (Lighting Only)'),
('4010', '3', '4', '12', 'Generator (Lighting Only)'),
('4012', '3', '4', '12', 'Attachment / Tower (Lighting Only)'),
('4107', '3', '4', '12', 'Attachment (Lifting Only)'),
('4108', '3', '4', '12', 'Swing Machinery (Lifting Only)'),
('4109', '3', '4', '12', 'Rotary Joint (Lifting Only)'),
('4120', '3', '4', '12', 'Chain, Wire Rope & Hook (Lifting Only)'),
('4121', '3', '4', '12', 'Hydraulic Component (Lifting Only)'),
('4122', '3', '4', '12', 'Hydraulic Motor & Winch (Lifting Only)'),
('4663', '3', '4', '12', 'Rear Axle '),
('4664', '3', '4', '12', 'Front Axle'),
('4765', '3', '4', '12', 'Differential'),
('4766', '3', '4', '12', 'Final Drive'),
('4767', '3', '4', '12', 'Boggie and Suspension'),
('4768', '3', '4', '12', 'Alternator'),
('4769', '3', '4', '12', 'Starting Motor'),
('4770', '3', '4', '12', 'Air Compressor'),
('4771', '3', '4', '12', 'Steering Gearbox'),
('4772', '3', '4', '12', 'Transmission'),
('4773', '3', '4', '12', 'Pull Down Gearbox / Rotary Head (Drilling Only'),
('4774', '3', '4', '12', 'Hydraulic Motor (Drilling Only)'),
('4775', '3', '4', '12', 'Rock Drill (Drilling Only)'),
('4776', '3', '4', '12', 'Travel Motor and Travel Brake (Drilling Only)'),
('4321', '3', '4', '12', 'Vacuum Pump(Pump Only)'),
('4222', '3', '4', '12', 'Bare shaft(Pump Only)'),
('4324', '3', '4', '12', 'Generator(Lighting Only)'),
('4060', '3', '4', '12', 'Brake'),
('4061', '3', '4', '12', 'Hydraulic Motor'),
('4062', '3', '4', '12', 'Hydraulic Component'),
('4063', '3', '4', '12', 'Swing Machinery'),
('4064', '3', '4', '12', 'Steering Component'),
('4065', '3', '4', '12', 'Air & Brake Component'),
('1195', '4', '1', '13', 'Daily Check'),
('1196', '4', '1', '13', 'Periodical Service'),
('1197', '4', '1', '13', 'Inspection / Quick PM'),
('1198', '4', '2', '13', 'Electric Panel DC'),
('1199', '4', '2', '13', 'Electric Panel DC (Main)'),
('1200', '4', '2', '13', 'Electric Panel DC (Auxellery)'),
('1201', '4', '2', '13', 'Electric Motor'),
('1202', '4', '2', '13', 'Flexible Coupling'),
('1203', '4', '2', '13', 'Gear Coupling'),
('1204', '4', '2', '13', 'Fluid Coupling (T/C)(> 15kw)'),
('1205', '4', '2', '13', 'V belt (> 15kw)'),
('1206', '4', '2', '13', 'Hooper'),
('1207', '4', '2', '13', 'Lagging (Ceramic /Rubber)'),
('1208', '4', '2', '13', '  Vibrating Screen /Grizzly'),
('1209', '4', '2', '13', 'Conveyor Gear Box'),
('1210', '4', '2', '13', 'Conveyor belt (1000 width)'),
('1211', '4', '2', '13', 'Conveyor belt (1200 width)'),
('1212', '4', '2', '13', 'Conveyor belt (1600 width)'),
('1213', '4', '2', '13', 'Belt Cleaner'),
('1214', '4', '2', '13', 'Skirt Board'),
('1215', '4', '2', '13', 'Skirt Plate'),
('1216', '4', '2', '13', 'Drum Pulley (Drive)'),
('1217', '4', '2', '13', 'Drum Pulley (Non-Drive)'),
('1218', '4', '2', '13', 'Roller'),
('1219', '4', '2', '13', 'Frame Roller'),
('1220', '4', '2', '13', 'Self Alignment Device'),
('1221', '4', '2', '13', 'Transfer Chute'),
('1222', '4', '2', '13', 'Swivel Chute'),
('1223', '4', '2', '13', 'Magnetic Separator'),
('1224', '4', '2', '13', 'Slider / Impact Bed'),
('1225', '4', '2', '13', 'Autolub System'),
('1226', '4', '2', '13', 'Chain Feeder'),
('1227', '4', '2', '13', 'Automatic Sampler'),
('1228', '4', '2', '13', 'Swing Axle'),
('1229', '4', '2', '13', 'Slewing Mechanism'),
('1230', '4', '4', '13', 'Electric Motor'),
('1231', '4', '4', '13', 'Gear Box'),
('1232', '4', '4', '13', 'Magnetic Separator'),
('1233', '4', '4', '13', 'Hopper'),
('1234', '4', '4', '13', 'Transfer Chute'),
('1235', '4', '4', '13', 'Swivel Chute'),
('1236', '4', '3', '13', 'Electric Panel DC'),
('1237', '4', '3', '13', 'Electric Panel DC (Main)'),
('1238', '4', '3', '13', 'Electric Panel DC (Auxellery)'),
('1239', '4', '3', '13', 'Flexible Coupling'),
('1240', '4', '3', '13', 'Gear Coupling'),
('1241', '4', '3', '13', 'Fluid Coupling (T/C)'),
('1242', '4', '3', '13', 'Misstracking Belt Conveyor'),
('1243', '4', '3', '13', 'Magnetic Separator'),
('1244', '4', '3', '13', 'Gear Box'),
('1245', '4', '3', '13', 'Electric Motor'),
('1247', '4', '5', '13', 'Electric Panel DC'),
('1248', '4', '5', '13', 'Electric Panel DC (Main)'),
('1249', '4', '5', '13', 'Electric Panel DC (Auxellery)'),
('1250', '4', '5', '13', 'Fluid Coupling (TC)'),
('1251', '4', '5', '13', 'Steel Core Belt Conveyor'),
('1252', '4', '5', '13', 'Fabric Belt Conveyor'),
('1253', '4', '5', '13', 'Electric Motor'),
('1254', '4', '5', '13', 'Jaw Crusher & Hooper (Wear Plate)'),
('1255', '4', '5', '13', 'Vibrating Screen / Grizzly'),
('1256', '4', '5', '13', 'Conveyor Roller Drum'),
('1257', '4', '5', '13', 'Belt Tracking'),
('1258', '4', '5', '13', 'Transfer Chute'),
('1259', '4', '5', '13', 'Swivel Chute'),
('1260', '4', '5', '13', 'Hopper'),
('1261', '4', '5', '13', 'Swing Axle'),
('1262', '4', '5', '13', 'Swing Mechanism'),
('1263', '4', '5', '13', 'Gear Box'),
('1264', '4', '5', '13', 'Chain Feeder'),
('1265', '4', '5', '13', 'Lighting'),
('1266', '4', '8', '13', 'Setting Kapasitas'),
('1267', '4', '8', '13', 'Electric Panel DC'),
('1268', '4', '8', '13', 'Electric Panel DC (Main)'),
('1269', '4', '8', '13', 'Electric Panel DC (Auxellery)'),
('1270', '4', '8', '13', 'Flexible Coupling'),
('1271', '4', '8', '13', 'Gear Coupling'),
('1272', '4', '8', '13', 'Fluid Coupling (TC)'),
('1273', '4', '8', '13', 'Belt Cleaner'),
('1274', '4', '8', '13', 'Magnetic Separator'),
('1275', '4', '8', '13', 'Gear Box'),
('1276', '4', '8', '13', 'Electric Motor'),
('1277', '4', '8', '13', 'Belt Track Alignment (Laser Beam)'),
('1278', '4', '8', '13', 'Swing Whell Alignment'),
('1279', '4', '8', '13', 'Tingkat Kekencangan Chain Feeder'),
('1280', '4', '8', '13', 'Thickness & Hardness Belt Conveyor');
=======
('id_jobdeta', 'id_section', 'id_job', 'id_sub', 'nama_detail');
>>>>>>> b5ce0f958d9603a8af66bb71ab8b3656b6b8c56a

-- --------------------------------------------------------

--
-- Table structure for table `main_job`
--

CREATE TABLE `main_job` (
  `id_job` varchar(10) NOT NULL,
  `nama_job` varchar(30) NOT NULL
) ENGINE=InnoDB DEFAULT CHARSET=latin1;

--
-- Dumping data for table `main_job`
--

INSERT INTO `main_job` (`id_job`, `nama_job`) VALUES
('1', 'Preventive Maintenance'),
('2', 'Remove & Install'),
('3', 'Troubleshooting'),
('4', 'Overhaul'),
<<<<<<< HEAD
('5', 'Repair'),
('8', 'Testing and Adjusting');
=======
('5', 'Repair');
>>>>>>> b5ce0f958d9603a8af66bb71ab8b3656b6b8c56a

-- --------------------------------------------------------

--
-- Table structure for table `mekanik`
--

CREATE TABLE `mekanik` (
  `id_mekanik` varchar(10) NOT NULL,
  `nama_mekanik` varchar(30) NOT NULL,
  `id_section` int(11) NOT NULL,
  `no` int(11) NOT NULL
) ENGINE=InnoDB DEFAULT CHARSET=latin1;

--
-- Dumping data for table `mekanik`
--

INSERT INTO `mekanik` (`id_mekanik`, `nama_mekanik`, `id_section`, `no`) VALUES
<<<<<<< HEAD
('dsfa32', 'fian', 3, 0),
=======
>>>>>>> b5ce0f958d9603a8af66bb71ab8b3656b6b8c56a
('KA08046', 'Darminto', 1, 5),
('KA1055', 'Jeffri Manurung', 2, 3),
('KA11018', 'Risko Agung Prasetyo', 2, 5),
('KA11052', 'Erry Sander', 1, 4),
<<<<<<< HEAD
('KA11056', 'Akhmad Yasir', 3, 4),
=======
>>>>>>> b5ce0f958d9603a8af66bb71ab8b3656b6b8c56a
('KA12012', 'A. Rifani', 1, 4),
('KA12032', 'Zainal Ilmi', 1, 4),
('KA12035', 'Supriyanto', 1, 4),
('KB10138', 'Adje Oktasaputra', 2, 7),
('KB11190', 'Apriansyah', 1, 4),
('KC04070', 'Muhammad Iwan Taufik', 1, 6),
<<<<<<< HEAD
('KC07031', 'Muhammad Rafi', 4, 5),
('KC08025', 'Robi Irawan', 4, 6),
('KC08026', 'Rakhmad Kurniadi', 4, 6),
('KC08062', 'Muhammad Fajri', 3, 5),
=======
>>>>>>> b5ce0f958d9603a8af66bb71ab8b3656b6b8c56a
('KC08075', 'M Zuhraini Fanani', 1, 5),
('KC08076', 'Tri Wibowo', 1, 5),
('KC08099', 'Muhammad Zulkarnain', 1, 5),
('KC09003', 'Faidullah Zaidan', 2, 6),
<<<<<<< HEAD
('KC09048', 'Wahyu Saputra', 3, 4),
('KC10018', 'Herry Susanto', 4, 5),
('KC10019', 'Rahmadana', 4, 5),
('KC10020', 'Rahmad Saidi Noor', 4, 5),
('KC10040', 'Banjar Widiyanto', 3, 5),
('KC10044', 'Suhartono', 4, 5),
('KC10058', 'Ahmad Kholik', 2, 5),
('KC11007', 'Eko Purnomo', 3, 4),
('KC11032', 'Fauzie Rakhman', 1, 5),
('KC11041', 'Jainal Abidin', 2, 5),
('KC11043', 'Muhammad Ulil Absor', 3, 3),
('KC11044', 'Rafi\'i Hamdi', 1, 4),
('KC11073', 'Muhammad Rahim', 2, 5),
('KC11093', 'Eko Purwanto', 1, 5),
('KC11095', 'Muhammad Ikbal', 3, 4),
('KC11162', 'Danang Wijaksono', 3, 4),
('KC12041', 'Budi Irawan', 3, 4),
=======
('KC10058', 'Ahmad Kholik', 2, 5),
('KC11032', 'Fauzie Rakhman', 1, 5),
('KC11041', 'Jainal Abidin', 2, 5),
('KC11044', 'Rafi''i Hamdi', 1, 4),
('KC11073', 'Muhammad Rahim', 2, 5),
('KC11093', 'Eko Purwanto', 1, 5),
>>>>>>> b5ce0f958d9603a8af66bb71ab8b3656b6b8c56a
('KC12051', 'Yuwono', 2, 5),
('KC12053', 'Achsanul Kholiq', 2, 4),
('KC13038', 'Alfian Rahmawan ', 2, 6),
('KC13039', 'Irfan Romansah', 1, 5),
<<<<<<< HEAD
('KC13040', 'Wahid Wahyudi', 3, 4),
('KC13041', 'Aminudin ', 1, 4),
('KC13042', 'Untung Riadi', 2, 4),
('KC13043', 'Muhammad Rudini ', 2, 4),
('KC13046', 'Jamalludin ', 3, 4),
('KC13050', 'Geylang Boy Agustinus ', 3, 4),
('KC13051', 'Awanda Agus Priyo A', 3, 4),
=======
('KC13041', 'Aminudin ', 1, 4),
('KC13042', 'Untung Riadi', 2, 4),
('KC13043', 'Muhammad Rudini ', 2, 4),
>>>>>>> b5ce0f958d9603a8af66bb71ab8b3656b6b8c56a
('KC13052', 'Yudianto ', 1, 5),
('KC13053', 'Riduan Efansyah ', 1, 4),
('KC13054', 'Harianto ', 1, 6),
('KC13077', 'Muhammad Thambrin', 1, 4),
('KE16003', 'Rian Saputra', 1, 3),
('KE16004', 'Ridho Maulana', 1, 3),
('KE16005', 'Sigit Haryanto', 1, 3),
('KT16007', 'Miftahul hudayana', 1, 3);

-- --------------------------------------------------------

--
-- Table structure for table `petugas`
--

CREATE TABLE `petugas` (
  `idpetugas` int(11) NOT NULL,
  `nama` varchar(30) NOT NULL,
  `email` varchar(30) NOT NULL,
  `password` varchar(50) NOT NULL
) ENGINE=InnoDB DEFAULT CHARSET=latin1;

--
-- Dumping data for table `petugas`
--

INSERT INTO `petugas` (`idpetugas`, `nama`, `email`, `password`) VALUES
(1, 'Garfianto Dwi', 'garfianto@if.undip.ac.id', 'b77d7d2c9241775b5d3eed6016278199'),
(2, 'Yasmin', 'yasmin9658@gmail.com', 'b77d7d2c9241775b5d3eed6016278199'),
(3, 'GarfiantoDwi', 'fian10@gmail.com', '19fe0f42e8391ff2a6665dcb24669bbc'),
(4, 'kppmining', 'kppmining', 'cd51562f517c3c6770c974ddf3edaa9b');

-- --------------------------------------------------------

--
-- Table structure for table `section`
--

CREATE TABLE `section` (
  `id_section` varchar(10) NOT NULL,
  `nama_section` varchar(10) NOT NULL
) ENGINE=InnoDB DEFAULT CHARSET=latin1;

--
-- Dumping data for table `section`
--

INSERT INTO `section` (`id_section`, `nama_section`) VALUES
('1', 'Wheel'),
<<<<<<< HEAD
('2', 'Track'),
('3', 'SSE'),
('4', 'Crusher');
=======
('2', 'Track');
>>>>>>> b5ce0f958d9603a8af66bb71ab8b3656b6b8c56a

-- --------------------------------------------------------

--
-- Table structure for table `sub_section`
--

CREATE TABLE `sub_section` (
  `id_sub` varchar(10) NOT NULL,
  `nama_sub` varchar(30) NOT NULL,
  `id_sec` varchar(11) NOT NULL
) ENGINE=InnoDB DEFAULT CHARSET=latin1;

--
-- Dumping data for table `sub_section`
--

INSERT INTO `sub_section` (`id_sub`, `nama_sub`, `id_sec`) VALUES
('1', 'Dump Truck', '1'),
<<<<<<< HEAD
('10', 'Lighting', '3'),
('11', 'Lifting', '3'),
('12', 'Lube Track', '3'),
('13', 'Crusher', '4'),
=======
>>>>>>> b5ce0f958d9603a8af66bb71ab8b3656b6b8c56a
('2', 'Wheel Loader', '1'),
('3', 'Motor Grader', '1'),
('4', 'Articulated', '1'),
('5', 'Excavator', '2'),
<<<<<<< HEAD
('6', 'Dozer', '2'),
('7', ' Scania', '3'),
('8', 'Drilling', '3'),
('9', 'Pump', '3');
=======
('6', 'Dozer', '2');
>>>>>>> b5ce0f958d9603a8af66bb71ab8b3656b6b8c56a

-- --------------------------------------------------------

--
-- Table structure for table `track`
--

CREATE TABLE `track` (
  `id_track` varchar(10) NOT NULL,
  `jenis_track` varchar(30) NOT NULL
) ENGINE=InnoDB DEFAULT CHARSET=latin1;

--
-- Dumping data for table `track`
--

INSERT INTO `track` (`id_track`, `jenis_track`) VALUES
('1', 'Excavator'),
('2', 'Dozer');

-- --------------------------------------------------------

--
-- Table structure for table `wheel`
--

CREATE TABLE `wheel` (
  `id_wheel` varchar(10) NOT NULL,
  `jenis_wheel` varchar(50) NOT NULL
) ENGINE=InnoDB DEFAULT CHARSET=latin1;

--
-- Dumping data for table `wheel`
--

INSERT INTO `wheel` (`id_wheel`, `jenis_wheel`) VALUES
('1', 'Dump Truck'),
('2', 'Wheel Loader'),
('3', 'Motor Grader'),
('4', 'Articlated');

-- --------------------------------------------------------

--
-- Table structure for table `work_order`
--

CREATE TABLE `work_order` (
  `no` int(30) NOT NULL,
  `nowo` varchar(30) NOT NULL,
  `tanggal` date NOT NULL,
  `id_section` varchar(30) NOT NULL,
  `id_sub` varchar(30) NOT NULL,
  `id_job` varchar(30) NOT NULL,
  `id_detailjob` varchar(30) NOT NULL,
  `mekanik1` varchar(30) NOT NULL,
  `deskripsi` varchar(50) NOT NULL
) ENGINE=InnoDB DEFAULT CHARSET=latin1;

--
-- Dumping data for table `work_order`
--

INSERT INTO `work_order` (`no`, `nowo`, `tanggal`, `id_section`, `id_sub`, `id_job`, `id_detailjob`, `mekanik1`, `deskripsi`) VALUES
(1, '1', '2017-02-07', '1', '1', '1', '1', 'KA08046', 'satu'),
(2, '1', '2017-02-07', '1', '1', '1', '1', 'KA12012', 'satu'),
(3, '1', '2017-02-07', '1', '1', '1', '1', 'KC04070', 'satu'),
(4, '1', '2017-02-07', '1', '1', '1', '1', 'KC13041', 'satu'),
(5, '1', '2017-02-07', '2', '5', '2', '453', 'KA1055', 'satu'),
<<<<<<< HEAD
(6, '1', '2017-02-07', '2', '5', '2', '453', 'KC13042', 'satu'),
(7, '2', '2017-02-07', '1', '1', '5', '299', 'KA08046', 'af'),
(8, '2', '2017-02-07', '1', '1', '5', '299', 'KC13054', 'af'),
(9, '2', '2017-02-07', '1', '1', '5', '299', 'KB11190', 'af'),
(10, '2', '2017-02-07', '1', '1', '5', '299', 'KA11052', 'af'),
(11, '123', '2017-12-12', '3', '7', '1', '634', 'KA11056', 'dasf'),
(12, '123', '2017-12-12', '3', '7', '1', '634', 'KC13050', 'dasf'),
(13, '214', '2017-12-12', '4', '13', '5', '1260', 'KC10018', 'dF'),
(14, '214', '2017-12-12', '4', '13', '5', '1260', 'KC10020', 'dF'),
(15, '214', '2017-12-12', '4', '13', '5', '1260', 'KC07031', 'dF'),
(16, '214', '2017-12-12', '4', '13', '5', '1260', 'KC08026', 'dF'),
(17, '4524', '2017-12-12', '3', '8', '4', '815', 'KA11056', 'asdf'),
(18, '4524', '2017-12-12', '3', '8', '4', '815', 'KC08062', 'asdf'),
(19, '341', '2017-12-12', '3', '10', '5', '993', 'KA11056', 'ds'),
(20, '341', '2017-12-12', '3', '10', '5', '993', 'KC13040', 'ds');
=======
(6, '1', '2017-02-07', '2', '5', '2', '453', 'KC13042', 'satu');
>>>>>>> b5ce0f958d9603a8af66bb71ab8b3656b6b8c56a

--
-- Indexes for dumped tables
--

--
<<<<<<< HEAD
=======
-- Indexes for table `job_detail`
--
ALTER TABLE `job_detail`
  ADD PRIMARY KEY (`id_jobdetail`);

--
>>>>>>> b5ce0f958d9603a8af66bb71ab8b3656b6b8c56a
-- Indexes for table `mekanik`
--
ALTER TABLE `mekanik`
  ADD PRIMARY KEY (`id_mekanik`);

--
-- Indexes for table `petugas`
--
ALTER TABLE `petugas`
  ADD PRIMARY KEY (`idpetugas`);

--
-- Indexes for table `section`
--
ALTER TABLE `section`
  ADD PRIMARY KEY (`id_section`);

--
-- Indexes for table `sub_section`
--
ALTER TABLE `sub_section`
  ADD PRIMARY KEY (`id_sub`);

--
-- Indexes for table `work_order`
--
ALTER TABLE `work_order`
  ADD PRIMARY KEY (`no`);

--
-- AUTO_INCREMENT for dumped tables
--

--
-- AUTO_INCREMENT for table `work_order`
--
ALTER TABLE `work_order`
<<<<<<< HEAD
  MODIFY `no` int(30) NOT NULL AUTO_INCREMENT, AUTO_INCREMENT=21;
=======
  MODIFY `no` int(30) NOT NULL AUTO_INCREMENT, AUTO_INCREMENT=7;
>>>>>>> b5ce0f958d9603a8af66bb71ab8b3656b6b8c56a
/*!40101 SET CHARACTER_SET_CLIENT=@OLD_CHARACTER_SET_CLIENT */;
/*!40101 SET CHARACTER_SET_RESULTS=@OLD_CHARACTER_SET_RESULTS */;
/*!40101 SET COLLATION_CONNECTION=@OLD_COLLATION_CONNECTION */;
